N_params_B,D_tokens_B,val_loss,predicted_loss,residual
0.111,14.0,6.4979,3.029777160055344,3.4681228399446558
0.111,29.0,5.7942,2.920512177064639,2.873687822935361
0.111,43.0,5.4529,2.8700612611899006,2.582838738810099
0.111,57.0,5.1848,2.837227376584419,2.347572623415581
0.111,72.0,5.0399,2.81190872569098,2.22799127430902
0.111,86.0,4.9005,2.793730449861021,2.106769550138979
0.111,100.0,4.7688,2.7789937104571742,1.9898062895428255
0.111,115.0,4.7178,2.7658820280764758,1.9519179719235247
0.111,129.0,4.6465,2.7554821015171815,1.891017898482818
0.111,143.0,4.6003,2.746434973427867,1.8538650265721328
0.111,158.0,4.522,2.737921096002502,1.7840789039974982
0.111,172.0,4.4305,2.7308596812083255,1.6996403187916749
0.111,186.0,4.4228,2.724498079887202,1.6983019201127978
0.111,201.0,4.3766,2.7183288863413924,1.6582711136586075
0.111,215.0,4.341,2.7130805525704265,1.6279194474295737
0.111,229.0,4.3079,2.7082523557654525,1.5996476442345475
0.111,244.0,4.2706,2.7034816574675355,1.5671183425324644
0.111,258.0,4.2643,2.699355980170585,1.5649440198294156
0.111,272.0,4.222,2.695507325806286,1.5264926741937144
0.111,287.0,4.1985,2.691655508246217,1.506844491753783
0.111,301.0,4.1726,2.6882860740650547,1.4843139259349454
0.111,315.0,4.1687,2.6851114777848726,1.4835885222151277
0.111,330.0,4.1408,2.681904571905431,1.4588954280945687
0.111,344.0,4.0985,2.6790754346876127,1.419424565312387
0.111,358.0,4.0932,2.6763899527317925,1.416810047268208
0.111,373.0,4.0662,2.673657895252349,1.3925421047476512
0.111,387.0,4.028,2.6712319316627835,1.356768068337216
0.111,401.0,3.9989,2.6689157689796685,1.3299842310203314
0.111,416.0,4.0339,2.6665463160660545,1.3673536839339455
0.111,430.0,4.0147,2.6644314467097594,1.350268553290241
0.111,444.0,4.0021,2.6624029183691604,1.33969708163084
0.111,459.0,3.984,2.660318406078525,1.3236815939214748
0.111,473.0,3.9569,2.658450047348642,1.298449952651358
0.111,487.0,3.9615,2.656651158591432,1.304848841408568
0.111,502.0,3.9469,2.654795796306332,1.2921042036936679
0.111,516.0,3.927,2.6531270415660777,1.2738729584339223
0.111,530.0,3.9224,2.6515152515495495,1.2708847484504506
0.111,545.0,3.9095,2.6498477195951526,1.2596522804048473
0.111,559.0,3.8948,2.6483435124915635,1.2464564875084365
0.111,573.0,3.8842,2.646886764893765,1.2373132351062348
0.111,588.0,3.8751,2.6453756759403517,1.2297243240596485
0.111,602.0,3.8797,2.6440091834737647,1.2356908165262355
0.111,616.0,3.8736,2.6426827705468234,1.2309172294531767
0.111,631.0,3.8393,2.641303767073362,1.1979962329266383
0.111,645.0,3.8422,2.6400540306286198,1.2021459693713803
0.111,659.0,3.8504,2.638838538729952,1.211561461270048
0.111,674.0,3.8098,2.6375723699507816,1.1722276300492185
0.111,688.0,3.8163,2.636422732244424,1.1798772677555762
0.111,702.0,3.8145,2.6353026524635994,1.1791973475364004
0.111,717.0,3.7898,2.63413386123068,1.1556661387693201
0.111,731.0,3.7948,2.633070882291801,1.161729117708199
0.111,745.0,3.783,2.632033644887378,1.150966355112622
0.111,760.0,3.7843,2.630949647497043,1.1533503525029571
0.111,774.0,3.7664,2.629962338918116,1.1364376610818838
0.111,788.0,3.7494,2.6289976262061763,1.1204023737938238
0.111,803.0,3.7496,2.6279880527835027,1.1216119472164974
0.111,817.0,3.7365,2.6270673249572503,1.1094326750427497
0.111,831.0,3.7364,2.626166572092105,1.1102334279078954
0.111,846.0,3.7325,2.625222784257982,1.1072772157420179
0.111,860.0,3.7441,2.6243610396686483,1.1197389603313517
0.111,874.0,3.7393,2.6235170652161517,1.1157829347838484
0.111,889.0,3.7148,2.6226317971117097,1.0921682028882902
0.111,903.0,3.7239,2.621822625969207,1.102077374030793
0.111,917.0,3.7098,2.6210293540213354,1.0887706459786646
0.111,932.0,3.7005,2.620196440900253,1.0803035590997467
0.111,946.0,3.7018,2.6194343898806367,1.0823656101193633
0.111,960.0,3.6815,2.6186866379420684,1.0628133620579319
0.111,975.0,3.6878,2.617900808046454,1.0698991919535463
0.111,989.0,3.6956,2.617181202162709,1.078418797837291
0.111,1003.0,3.6837,2.616474517088435,1.067225482911565
0.111,1018.0,3.6756,2.6157312300005353,1.0598687699994649
0.111,1032.0,3.6601,2.6150500336912255,1.0450499663087744
0.111,1047.0,3.6633,2.6143331831698045,1.0489668168301955
0.111,1061.0,3.653,2.613675882888067,1.0393241171119332
0.111,1075.0,3.6523,2.613029590465405,1.0392704095345948
0.111,1090.0,3.6565,2.612348981660173,1.0441510183398268
0.111,1104.0,3.6394,2.6117244754631948,1.0276755245368054
0.111,1118.0,3.6433,2.6111100238242866,1.0321899761757134
0.111,1133.0,3.6521,2.6104625169575586,1.0416374830424413
0.111,1147.0,3.6144,2.6098679997109566,1.0045320002890432
0.111,1161.0,3.6255,2.6092826981305275,1.0162173018694727
0.111,1176.0,3.6066,2.608665530415114,0.997934469584886
0.111,1190.0,3.6165,2.6080985296853556,1.0084014703146442
0.111,1204.0,3.6178,2.6075400028563633,1.0102599971436366
0.111,1219.0,3.6195,2.6069507315166707,1.0125492684833293
0.111,1233.0,3.6,2.606409057878333,0.9935909421216671
0.111,1247.0,3.6177,2.6058751993298115,1.0118248006701887
0.111,1262.0,3.6181,2.6053116548844537,1.0127883451155464
0.111,1276.0,3.5926,2.604793361074964,0.987806638925036
0.111,1290.0,3.5969,2.6042822947934714,0.9926177052065288
0.111,1305.0,3.611,2.6037425424738814,1.0072574575261188
0.111,1319.0,3.5849,2.603245889583297,0.9816541104167031
0.111,1333.0,3.6034,2.602755938175089,1.0006440618249113
0.111,1348.0,3.5631,2.6022382458486937,0.9608617541513063
0.111,1362.0,3.5785,2.6017616751488895,0.9767383248511106
0.111,1376.0,3.5532,2.60129133325845,0.95190866674155
0.111,1391.0,3.58,2.600794144592456,0.9792058554075442
0.111,1405.0,3.5553,2.6003362539212094,0.9549637460787905
0.111,1419.0,3.5734,2.5998841659052814,0.9735158340947185
0.111,1434.0,3.5537,2.599406077783293,0.9542939222167073
0.111,1448.0,3.5694,2.5989656016333464,0.9704343983666535
0.111,1462.0,3.5651,2.5985305427040046,0.9665694572959955
0.111,1477.0,3.5457,2.5980702861172342,0.9476297138827658
0.111,1491.0,3.5496,2.597646078758945,0.951953921241055
0.111,1505.0,3.5322,2.5972269389729337,0.9349730610270663
0.111,1520.0,3.5472,2.5967833627681767,0.9504166372318235
0.111,1534.0,3.553,2.596374383871453,0.9566256161285471
0.111,1548.0,3.5352,2.5959701544690135,0.9392298455309867
0.111,1563.0,3.5175,2.595542211459404,0.9219577885405963
0.111,1577.0,3.5153,2.5951475137867335,0.9201524862132664
0.111,1591.0,3.5106,2.594757275480936,0.9158427245190643
0.111,1606.0,3.5216,2.5943440105218634,0.9272559894781365
0.111,1620.0,3.521,2.5939627293470338,0.9270372706529661
0.111,1634.0,3.5206,2.5935856422411043,0.9270143577588956
0.111,1649.0,3.5229,2.5931861819492226,0.9297138180507774
0.111,1663.0,3.5229,2.5928175259213613,0.9300824740786386
0.111,1677.0,3.524,2.592452820791734,0.9315471792082661
0.111,1692.0,3.5111,2.592066364644611,0.919033635355389
0.111,1706.0,3.5154,2.591709607868673,0.9236903921313271
0.111,1720.0,3.4917,2.5913565785992314,0.9003434214007684
0.111,1735.0,3.5025,2.5909823912006,0.9115176087994001
0.111,1749.0,3.502,2.5906368663463857,0.9113631336536141
0.111,1763.0,3.4839,2.5902948633374985,0.8936051366625017
0.111,1778.0,3.5044,2.5899322676709318,0.9144677323290682
0.111,1792.0,3.487,2.58959735995558,0.8974026400444202
0.111,1806.0,3.4845,2.5892657843620945,0.8952342156379056
0.111,1821.0,3.493,2.5889141558864353,0.9040858441135646
0.111,1835.0,3.4765,2.588589297801788,0.8879107021982122
0.111,1849.0,3.4894,2.5882675964788704,0.9011324035211294
0.111,1864.0,3.4875,2.5879263579433687,0.8995736420566312
0.111,1878.0,3.4917,2.5876110246210553,0.9040889753789445
0.111,1892.0,3.4726,2.5872986856768,0.8853013143232
0.111,1907.0,3.4755,2.586967302553981,0.8885326974460188
0.111,1921.0,3.4517,2.586661007678537,0.8650389923214634
0.111,1935.0,3.4589,2.58635755654863,0.87254244345137
0.111,1950.0,3.4629,2.5860355329992855,0.8768644670007144
0.111,1964.0,3.4425,2.585737825193922,0.8567621748060779
0.111,1978.0,3.4873,2.58544282116706,0.9018571788329397
0.111,1993.0,3.4783,2.5851296964652155,0.8931703035347844
0.111,2007.0,3.471,2.5848401560866168,0.8861598439133833
0.111,2021.0,3.4516,2.584553189220421,0.8670468107795788
0.111,2036.0,3.4533,2.5842485345772306,0.8690514654227695
0.111,2050.0,3.4291,2.583966770865479,0.8451332291345208
0.111,2050.0,3.449,2.583966770865479,0.8650332291345206
0.111,2050.0,3.4599,2.583966770865479,0.875933229134521
0.111,2050.0,3.4553,2.583966770865479,0.8713332291345206
0.111,2050.0,3.4559,2.583966770865479,0.871933229134521
0.256,14.0,6.3352,2.8449407273851683,3.490259272614832
0.256,29.0,5.5767,2.7356757443944635,2.8410242556055363
0.256,43.0,5.2522,2.6852248285197255,2.5669751714802747
0.256,57.0,4.9889,2.6523909439142437,2.3365090560857564
0.256,72.0,4.8609,2.627072293020805,2.233827706979195
0.256,86.0,4.7174,2.6088940171908455,2.108505982809154
0.256,100.0,4.6157,2.594157277786999,2.0215427222130016
0.256,115.0,4.5286,2.5810455954063003,1.9475544045936997
0.256,129.0,4.4388,2.570645668847006,1.8681543311529936
0.256,143.0,4.3626,2.5615985407576916,1.801001459242308
0.256,158.0,4.3339,2.5530846633323265,1.7808153366676733
0.256,172.0,4.2775,2.54602324853815,1.7314767514618499
0.256,186.0,4.2283,2.5396616472170264,1.6886383527829736
0.256,201.0,4.209,2.533492453671217,1.6755075463287827
0.256,215.0,4.1641,2.5282441199002506,1.6358558800997498
0.256,229.0,4.1461,2.5234159230952766,1.622684076904723
0.256,244.0,4.0865,2.51864522479736,1.56785477520264
0.256,258.0,4.0612,2.5145195475004094,1.546680452499591
0.256,272.0,4.0367,2.5106708931361106,1.5260291068638892
0.256,287.0,4.0105,2.5068190755760416,1.5036809244239588
0.256,301.0,3.9922,2.5034496413948792,1.4887503586051207
0.256,315.0,3.9872,2.500275045114697,1.486924954885303
0.256,330.0,3.9532,2.497068139235255,1.4561318607647449
0.256,344.0,3.9191,2.494239002017437,1.4248609979825626
0.256,358.0,3.9095,2.491553520061617,1.417946479938383
0.256,373.0,3.8888,2.4888214625821736,1.3999785374178262
0.256,387.0,3.8797,2.486395498992608,1.3933045010073921
0.256,401.0,3.8418,2.484079336309493,1.357720663690507
0.256,416.0,3.8636,2.481709883395879,1.3818901166041209
0.256,430.0,3.8376,2.479595014039584,1.3580049859604162
0.256,444.0,3.7951,2.477566485698985,1.3175335143010152
0.256,459.0,3.7779,2.4754819734083497,1.30241802659165
0.256,473.0,3.7783,2.4736136146784666,1.3046863853215336
0.256,487.0,3.7533,2.4718147259212566,1.2814852740787432
0.256,502.0,3.7502,2.4699593636361565,1.2802406363638434
0.256,516.0,3.751,2.4682906088959022,1.2827093911040977
0.256,530.0,3.7451,2.466678818879374,1.2784211811206259
0.256,545.0,3.7255,2.465011286924977,1.2604887130750226
0.256,559.0,3.7042,2.463507079821388,1.240692920178612
0.256,573.0,3.6973,2.4620503322235896,1.2352496677764102
0.256,588.0,3.6983,2.4605392432701763,1.2377607567298239
0.256,602.0,3.6804,2.459172750803589,1.221227249196411
0.256,616.0,3.6897,2.457846337876648,1.2318536621233522
0.256,631.0,3.6772,2.4564673344031864,1.2207326655968136
0.256,645.0,3.6611,2.455217597958444,1.205882402041556
0.256,659.0,3.6571,2.4540021060597765,1.2030978939402233
0.256,674.0,3.622,2.452735937280606,1.1692640627193938
0.256,688.0,3.6474,2.4515862995742483,1.1958137004257519
0.256,702.0,3.6151,2.450466219793424,1.164633780206576
0.256,717.0,3.6191,2.4492974285605045,1.1698025714394955
0.256,731.0,3.6045,2.4482344496216255,1.1562655503783743
0.256,745.0,3.6023,2.4471972122172025,1.1551027877827975
0.256,760.0,3.5921,2.4461132148268674,1.1459867851731325
0.256,774.0,3.5851,2.4451259062479407,1.1399740937520595
0.256,788.0,3.5854,2.444161193536001,1.1412388064639991
0.256,803.0,3.5539,2.443151620113327,1.1107483798866729
0.256,817.0,3.5631,2.442230892287075,1.1208691077129251
0.256,831.0,3.5356,2.4413301394219293,1.0942698605780707
0.256,846.0,3.5695,2.4403863515878066,1.1291136484121935
0.256,860.0,3.5519,2.4395246069984733,1.1123753930015265
0.256,874.0,3.5381,2.4386806325459762,1.0994193674540238
0.256,889.0,3.5355,2.437795364441534,1.0977046355584656
0.256,903.0,3.5182,2.4369861932990315,1.0812138067009687
0.256,917.0,3.5273,2.43619292135116,1.09110707864884
0.256,932.0,3.5062,2.4353600082300777,1.0708399917699225
0.256,946.0,3.5165,2.4345979572104612,1.081902042789539
0.256,960.0,3.5163,2.433850205271893,1.0824497947281073
0.256,975.0,3.5221,2.4330643753762784,1.0890356246237216
0.256,989.0,3.5056,2.4323447694925338,1.073255230507466
0.256,1003.0,3.4931,2.4316380844182595,1.0614619155817406
0.256,1018.0,3.4933,2.43089479733036,1.0624052026696402
0.256,1032.0,3.4711,2.43021360102105,1.0408863989789499
0.256,1047.0,3.4659,2.429496750499629,1.036403249500371
0.256,1061.0,3.4839,2.4288394502178914,1.0550605497821088
0.256,1075.0,3.4539,2.4281931577952296,1.0257068422047704
0.256,1090.0,3.4381,2.4275125489899976,1.0105874510100024
0.256,1104.0,3.4586,2.4268880427930193,1.0317119572069808
0.256,1118.0,3.4478,2.426273591154111,1.0215264088458889
0.256,1133.0,3.4434,2.425626084287383,1.0177739157126169
0.256,1147.0,3.4474,2.425031567040781,1.0223684329592189
0.256,1161.0,3.4489,2.424446265460352,1.024453734539648
0.256,1176.0,3.454,2.4238290977449384,1.0301709022550618
0.256,1190.0,3.416,2.42326209701518,0.9927379029848198
0.256,1204.0,3.4221,2.422703570186188,0.999396429813812
0.256,1219.0,3.4291,2.422114298846495,1.0069857011535048
0.256,1233.0,3.4248,2.4215726252081575,1.0032273747918423
0.256,1247.0,3.4275,2.421038766659636,1.0064612333403642
0.256,1262.0,3.4211,2.4204752222142782,1.0006247777857218
0.256,1276.0,3.4238,2.4199569284047886,1.0038430715952114
0.256,1290.0,3.4016,2.419445862123296,0.9821541378767042
0.256,1305.0,3.405,2.418906109803706,0.9860938901962939
0.256,1319.0,3.4141,2.4184094569131216,0.9956905430868783
0.256,1333.0,3.3994,2.4179195055049134,0.9814804944950866
0.256,1348.0,3.3995,2.417401813178518,0.982098186821482
0.256,1362.0,3.3695,2.416925242478714,0.952574757521286
0.256,1376.0,3.3874,2.4164549005882745,0.9709450994117255
0.256,1391.0,3.3943,2.4159577119222804,0.9783422880777195
0.256,1405.0,3.3771,2.415499821251034,0.9616001787489661
0.256,1419.0,3.3765,2.415047733235106,0.9614522667648941
0.256,1434.0,3.3878,2.4145696451131173,0.9732303548868826
0.256,1448.0,3.3819,2.414129168963171,0.9677708310368289
0.256,1462.0,3.3554,2.413694110033829,0.9417058899661708
0.256,1477.0,3.3631,2.4132338534470588,0.9498661465529414
0.256,1491.0,3.3544,2.4128096460887694,0.9415903539112307
0.256,1505.0,3.3525,2.412390506302758,0.9401094936972418
0.256,1520.0,3.3526,2.411946930098001,0.9406530699019986
0.256,1534.0,3.361,2.4115379512012773,0.9494620487987229
0.256,1548.0,3.3674,2.411133721798838,0.956266278201162
0.256,1563.0,3.3355,2.4107057787892283,0.9247942212107718
0.256,1577.0,3.3305,2.410311081116558,0.9201889188834418
0.256,1591.0,3.3512,2.4099208428107604,0.9412791571892396
0.256,1606.0,3.3308,2.409507577851688,0.9212924221483121
0.256,1620.0,3.3283,2.4091262966768583,0.9191737033231417
0.256,1634.0,3.3361,2.408749209570929,0.9273507904290712
0.256,1649.0,3.3048,2.408349749279047,0.8964502507209531
0.256,1663.0,3.3424,2.407981093251186,0.9344189067488142
0.256,1677.0,3.3341,2.4076163881215584,0.9264836118784414
0.256,1692.0,3.322,2.4072299319744355,0.9147700680255646
0.256,1706.0,3.3125,2.4068731751984975,0.9056268248015025
0.256,1720.0,3.3037,2.406520145929056,0.8971798540709441
0.256,1735.0,3.3082,2.4061459585304243,0.9020540414695755
0.256,1749.0,3.3115,2.40580043367621,0.9056995663237899
0.256,1763.0,3.3132,2.405458430667323,0.9077415693326771
0.256,1778.0,3.2992,2.4050958350007563,0.8941041649992436
0.256,1792.0,3.3009,2.4047609272854045,0.8961390727145955
0.256,1806.0,3.3012,2.404429351691919,0.8967706483080811
0.256,1821.0,3.2955,2.40407772321626,0.8914222767837403
0.256,1835.0,3.3021,2.4037528651316125,0.8983471348683874
0.256,1849.0,3.2739,2.403431163808695,0.8704688361913049
0.256,1864.0,3.2907,2.403089925273193,0.887610074726807
0.256,1878.0,3.307,2.40277459195088,0.9042254080491201
0.256,1892.0,3.2841,2.4024622530066244,0.8816377469933756
0.256,1907.0,3.295,2.4021308698838055,0.8928691301161944
0.256,1921.0,3.2658,2.4018245750083613,0.8639754249916387
0.256,1935.0,3.284,2.401521123878455,0.882478876121545
0.256,1950.0,3.2939,2.4011991003291104,0.8927008996708894
0.256,1964.0,3.2928,2.4009013925237466,0.8918986074762536
0.256,1978.0,3.2982,2.4006063884968847,0.8975936115031153
0.256,1993.0,3.2843,2.40029326379504,0.88400673620496
0.256,2007.0,3.2764,2.4000037234164413,0.8763962765835589
0.256,2021.0,3.2644,2.3997167565502457,0.8646832434497544
0.256,2036.0,3.2838,2.399412101907055,0.8843878980929447
0.256,2050.0,3.2779,2.3991303381953033,0.8787696618046965
0.256,2050.0,3.2937,2.3991303381953033,0.8945696618046965
0.256,2050.0,3.2596,2.3991303381953033,0.8604696618046965
0.256,2050.0,3.2787,2.3991303381953033,0.8795696618046969
0.256,2050.0,3.2598,2.3991303381953033,0.8606696618046965
0.59,14.0,6.1868,2.7059148396339046,3.4808851603660953
0.59,29.0,5.4588,2.5966498566431997,2.8621501433568004
0.59,43.0,5.1068,2.5461989407684618,2.560601059231538
0.59,57.0,4.9172,2.51336505616298,2.4038349438370203
0.59,72.0,4.7094,2.4880464052695412,2.2213535947304583
0.59,86.0,4.5718,2.4698681294395817,2.101931870560418
0.59,100.0,4.4608,2.455131390035735,2.005668609964265
0.59,115.0,4.3643,2.4420197076550365,1.9222802923449636
0.59,129.0,4.3373,2.4316197810957423,1.9056802189042577
0.59,143.0,4.236,2.4225726530064278,1.813427346993572
0.59,158.0,4.2008,2.4140587755810627,1.7867412244189373
0.59,172.0,4.1554,2.406997360786886,1.748402639213114
0.59,186.0,4.1158,2.4006357594657626,1.7151642405342375
0.59,201.0,4.0707,2.394466565919953,1.6762334340800473
0.59,215.0,4.0159,2.3892182321489868,1.6266817678510135
0.59,229.0,3.9816,2.384390035344013,1.597209964655987
0.59,244.0,3.9734,2.3796193370460963,1.5937806629539035
0.59,258.0,3.9364,2.3754936597491456,1.5609063402508543
0.59,272.0,3.9147,2.371645005384847,1.543054994615153
0.59,287.0,3.881,2.3677931878247778,1.513206812175222
0.59,301.0,3.8696,2.3644237536436155,1.5051762463563847
0.59,315.0,3.8147,2.3612491573634333,1.4534508426365669
0.59,330.0,3.8084,2.358042251483991,1.4503577485160086
0.59,344.0,3.7529,2.3552131142661734,1.3976868857338265
0.59,358.0,3.7741,2.3525276323103532,1.4215723676896466
0.59,373.0,3.7599,2.34979557483091,1.4101044251690902
0.59,387.0,3.7409,2.3473696112413442,1.3935303887586556
0.59,401.0,3.7052,2.3450534485582293,1.3601465514417708
0.59,416.0,3.6802,2.3426839956446153,1.3375160043553849
0.59,430.0,3.6808,2.34056912628832,1.34023087371168
0.59,444.0,3.6708,2.338540597947721,1.3322594020522787
0.59,459.0,3.6435,2.336456085657086,1.307043914342914
0.59,473.0,3.6593,2.334587726927203,1.3247122730727972
0.59,487.0,3.655,2.332788838169993,1.322211161830007
0.59,502.0,3.6134,2.3309334758848927,1.2824665241151072
0.59,516.0,3.606,2.3292647211446385,1.2767352788553614
0.59,530.0,3.5918,2.3276529311281102,1.2641470688718899
0.59,545.0,3.5857,2.3259853991737134,1.2597146008262867
0.59,559.0,3.5691,2.3244811920701243,1.244618807929876
0.59,573.0,3.5612,2.323024444472326,1.238175555527674
0.59,588.0,3.5612,2.3215133555189125,1.2396866444810875
0.59,602.0,3.5417,2.3201468630523254,1.2215531369476746
0.59,616.0,3.5382,2.318820450125384,1.2193795498746156
0.59,631.0,3.5235,2.3174414466519226,1.2060585533480772
0.59,645.0,3.5094,2.31619171020718,1.1932082897928198
0.59,659.0,3.5001,2.3149762183085127,1.1851237816914875
0.59,674.0,3.4975,2.3137100495293423,1.1837899504706577
0.59,688.0,3.4997,2.3125604118229846,1.1871395881770153
0.59,702.0,3.4954,2.31144033204216,1.18395966795784
0.59,717.0,3.4807,2.3102715408092407,1.1704284591907594
0.59,731.0,3.4671,2.3092085618703617,1.1578914381296381
0.59,745.0,3.4797,2.3081713244659388,1.171528675534061
0.59,760.0,3.4497,2.3070873270756036,1.1426126729243964
0.59,774.0,3.4467,2.306100018496677,1.140599981503323
0.59,788.0,3.4478,2.305135305784737,1.142664694215263
0.59,803.0,3.4278,2.3041257323620634,1.1236742676379365
0.59,817.0,3.4083,2.303205004535811,1.105094995464189
0.59,831.0,3.4244,2.3023042516706655,1.1220957483293343
0.59,846.0,3.4009,2.301360463836543,1.0995395361634572
0.59,860.0,3.4062,2.3004987192472095,1.1057012807527906
0.59,874.0,3.4045,2.2996547447947124,1.1048452552052876
0.59,889.0,3.3934,2.2987694766902704,1.0946305233097298
0.59,903.0,3.3985,2.2979603055477678,1.100539694452232
0.59,917.0,3.3848,2.297167033599896,1.0876329664001037
0.59,932.0,3.3843,2.296334120478814,1.0879658795211862
0.59,946.0,3.3828,2.2955720694591975,1.0872279305408026
0.59,960.0,3.3547,2.294824317520629,1.0598756824793707
0.59,975.0,3.3613,2.2940384876250146,1.0672615123749853
0.59,989.0,3.3545,2.29331888174127,1.0611811182587298
0.59,1003.0,3.3493,2.2926121966669957,1.0566878033330043
0.59,1018.0,3.3408,2.291868909579096,1.0489310904209042
0.59,1032.0,3.3703,2.291187713269786,1.0791122867302136
0.59,1047.0,3.3317,2.290470862748365,1.041229137251635
0.59,1061.0,3.3423,2.2898135624666276,1.0524864375333722
0.59,1075.0,3.3376,2.289167270043966,1.0484327299560343
0.59,1090.0,3.3177,2.288486661238734,1.029213338761266
0.59,1104.0,3.323,2.2878621550417555,1.0351378449582445
0.59,1118.0,3.3145,2.2872477034028473,1.0272522965971524
0.59,1133.0,3.3082,2.2866001965361193,1.0215998034638805
0.59,1147.0,3.302,2.2860056792895174,1.0159943207104827
0.59,1161.0,3.2986,2.2854203777090882,1.0131796222909117
0.59,1176.0,3.3141,2.2848032099936746,1.0292967900063252
0.59,1190.0,3.301,2.2842362092639164,1.0167637907360838
0.59,1204.0,3.2799,2.283677682434924,0.996222317565076
0.59,1219.0,3.2931,2.2830884110952314,1.0100115889047685
0.59,1233.0,3.2857,2.2825467374568937,1.003153262543106
0.59,1247.0,3.2804,2.2820128789083722,0.998387121091628
0.59,1262.0,3.2861,2.2814493344630145,1.0046506655369853
0.59,1276.0,3.2593,2.280931040653525,0.9783689593464753
0.59,1290.0,3.2627,2.280419974372032,0.982280025627968
0.59,1305.0,3.271,2.279880222052442,0.9911197779475578
0.59,1319.0,3.255,2.279383569161858,0.9756164308381421
0.59,1333.0,3.2751,2.2788936177536496,0.9962063822463505
0.59,1348.0,3.2562,2.2783759254272544,0.9778240745727458
0.59,1362.0,3.2515,2.27789935472745,0.9736006452725499
0.59,1376.0,3.2527,2.2774290128370107,0.9752709871629892
0.59,1391.0,3.2404,2.2769318241710166,0.9634681758289836
0.59,1405.0,3.2433,2.27647393349977,0.96682606650023
0.59,1419.0,3.2329,2.276021845483842,0.9568781545161578
0.59,1434.0,3.2286,2.2755437573618535,0.9530562426381466
0.59,1448.0,3.2389,2.275103281211907,0.9637967187880929
0.59,1462.0,3.2335,2.2746682222825654,0.9588317777174344
0.59,1477.0,3.2243,2.274207965695795,0.950092034304205
0.59,1491.0,3.2167,2.2737837583375056,0.9429162416624943
0.59,1505.0,3.2187,2.2733646185514944,0.9453353814485057
0.59,1520.0,3.2169,2.2729210423467374,0.9439789576532625
0.59,1534.0,3.2201,2.2725120634500136,0.9475879365499864
0.59,1548.0,3.2002,2.272107834047574,0.9280921659524259
0.59,1563.0,3.1932,2.2716798910379645,0.9215201089620355
0.59,1577.0,3.228,2.271285193365294,0.956714806634706
0.59,1591.0,3.2009,2.2708949550594966,0.9300050449405033
0.59,1606.0,3.1972,2.270481690100424,0.9267183098995759
0.59,1620.0,3.1994,2.2701004089255945,0.9292995910744053
0.59,1634.0,3.2034,2.269723321819665,0.9336766781803347
0.59,1649.0,3.1978,2.2693238615277833,0.9284761384722167
0.59,1663.0,3.1835,2.268955205499922,0.914544794500078
0.59,1677.0,3.175,2.2685905003702946,0.9064094996297052
0.59,1692.0,3.1745,2.2682040442231717,0.9062959557768284
0.59,1706.0,3.1884,2.2678472874472337,0.9205527125527664
0.59,1720.0,3.1934,2.267494258177792,0.9259057418222079
0.59,1735.0,3.179,2.2671200707791606,0.9118799292208393
0.59,1749.0,3.1705,2.2667745459249464,0.9037254540750537
0.59,1763.0,3.1772,2.2664325429160592,0.9107674570839408
0.59,1778.0,3.1876,2.2660699472494925,0.9215300527505077
0.59,1792.0,3.1692,2.2657350395341407,0.9034649604658593
0.59,1806.0,3.1824,2.2654034639406553,0.9169965360593446
0.59,1821.0,3.1829,2.265051835464996,0.9178481645350041
0.59,1835.0,3.1523,2.2647269773803487,0.8875730226196512
0.59,1849.0,3.1565,2.264405276057431,0.8920947239425687
0.59,1864.0,3.1721,2.2640640375219294,0.9080359624780705
0.59,1878.0,3.1519,2.263748704199616,0.8881512958003839
0.59,1892.0,3.1457,2.2634363652553606,0.8822636347446395
0.59,1907.0,3.15,2.2631049821325417,0.8868950178674582
0.59,1921.0,3.1455,2.2627986872570975,0.8827013127429026
0.59,1935.0,3.146,2.262495236127191,0.8835047638728089
0.59,1950.0,3.1423,2.2621732125778466,0.8801267874221534
0.59,1964.0,3.1423,2.261875504772483,0.8804244952275173
0.59,1978.0,3.1537,2.261580500745621,0.8921194992543793
0.59,1993.0,3.1461,2.2612673760437763,0.8848326239562239
0.59,2007.0,3.1269,2.2609778356651775,0.8659221643348225
0.59,2021.0,3.1323,2.260690868798982,0.8716091312010179
0.59,2036.0,3.1495,2.2603862141557913,0.8891137858442089
0.59,2050.0,3.1126,2.2601044504440395,0.8524955495559605
0.59,2050.0,3.1164,2.2601044504440395,0.8562955495559605
0.59,2050.0,3.1376,2.2601044504440395,0.8774955495559604
0.59,2050.0,3.1288,2.2601044504440395,0.8686955495559605
0.59,2050.0,3.1422,2.2601044504440395,0.8820955495559604
1.3,14.0,6.0969,2.6061548935103764,3.4907451064896233
1.3,29.0,5.3885,2.4968899105196716,2.891610089480328
1.3,43.0,5.0169,2.446438994644933,2.5704610053550665
1.3,57.0,4.7769,2.4136051100394518,2.3632948899605486
1.3,72.0,4.6097,2.3882864591460127,2.2214135408539875
1.3,86.0,4.4793,2.3701081833160536,2.1091918166839467
1.3,100.0,4.3778,2.355371443912207,2.022428556087793
1.3,115.0,4.2916,2.3422597615315084,1.9493402384684915
1.3,129.0,4.227,2.331859834972214,1.8951401650277861
1.3,143.0,4.1514,2.3228127068828996,1.8285872931171
1.3,158.0,4.1002,2.3142988294575346,1.7859011705424654
1.3,172.0,4.0331,2.307237414663358,1.725862585336642
1.3,186.0,3.9819,2.3008758133422345,1.6810241866577655
1.3,201.0,3.9704,2.294706619796425,1.6756933802035752
1.3,215.0,3.905,2.289458286025459,1.6155417139745407
1.3,229.0,3.8784,2.284630089220485,1.593769910779515
1.3,244.0,3.8654,2.279859390922568,1.585540609077432
1.3,258.0,3.8059,2.2757337136256175,1.5301662863743823
1.3,272.0,3.7907,2.2718850592613187,1.5188149407386815
1.3,287.0,3.772,2.2680332417012496,1.5039667582987502
1.3,301.0,3.7751,2.2646638075200873,1.5104361924799128
1.3,315.0,3.7297,2.261489211239905,1.4682107887600946
1.3,330.0,3.6846,2.2582823053604635,1.4263176946395366
1.3,344.0,3.6748,2.2554531681426453,1.4193468318573546
1.3,358.0,3.6764,2.252767686186825,1.423632313813175
1.3,373.0,3.6422,2.2500356287073817,1.3921643712926182
1.3,387.0,3.625,2.247609665117816,1.3773903348821839
1.3,401.0,3.6149,2.245293502434701,1.3696064975652988
1.3,416.0,3.6031,2.242924049521087,1.3601759504789128
1.3,430.0,3.6046,2.240809180164792,1.363790819835208
1.3,444.0,3.573,2.238780651824193,1.334219348175807
1.3,459.0,3.5631,2.236696139533558,1.326403860466442
1.3,473.0,3.5374,2.2348277808036747,1.3025722191963252
1.3,487.0,3.541,2.2330288920464647,1.3079711079535352
1.3,502.0,3.5013,2.2311735297613646,1.2701264702386355
1.3,516.0,3.5101,2.2295047750211103,1.2805952249788897
1.3,530.0,3.511,2.227892985004582,1.283107014995418
1.3,545.0,3.4765,2.2262254530501853,1.2502745469498149
1.3,559.0,3.4749,2.224721245946596,1.2501787540534037
1.3,573.0,3.4807,2.2232644983487977,1.2574355016512024
1.3,588.0,3.4531,2.2217534093953843,1.2313465906046157
1.3,602.0,3.4498,2.2203869169287973,1.229413083071203
1.3,616.0,3.4198,2.219060504001856,1.200739495998144
1.3,631.0,3.4372,2.2176815005283945,1.2195184994716053
1.3,645.0,3.4189,2.2164317640836524,1.2024682359163474
1.3,659.0,3.4079,2.2152162721849846,1.1926837278150155
1.3,674.0,3.4168,2.213950103405814,1.2028498965941856
1.3,688.0,3.3716,2.2128004656994564,1.1587995343005435
1.3,702.0,3.3877,2.211680385918632,1.1760196140813681
1.3,717.0,3.3874,2.2105115946857126,1.1768884053142874
1.3,731.0,3.3717,2.2094486157468336,1.1622513842531665
1.3,745.0,3.3738,2.2084113783424106,1.1653886216575895
1.3,760.0,3.366,2.2073273809520755,1.1586726190479246
1.3,774.0,3.3442,2.2063400723731488,1.137859927626851
1.3,788.0,3.3481,2.205375359661209,1.1427246403387912
1.3,803.0,3.3334,2.2043657862385353,1.1290342137614648
1.3,817.0,3.314,2.203445058412283,1.1105549415877172
1.3,831.0,3.3248,2.2025443055471374,1.1222556944528628
1.3,846.0,3.3104,2.2016005177130147,1.1087994822869853
1.3,860.0,3.3063,2.200738773123681,1.1055612268763189
1.3,874.0,3.3134,2.1998947986711843,1.1135052013288158
1.3,889.0,3.2935,2.1990095305667423,1.0944904694332576
1.3,903.0,3.2618,2.1982003594242396,1.0635996405757604
1.3,917.0,3.2803,2.197407087476368,1.082892912523632
1.3,932.0,3.2939,2.196574174355286,1.097325825644714
1.3,946.0,3.2744,2.1958121233356693,1.0785878766643306
1.3,960.0,3.2638,2.195064371397101,1.0687356286028988
1.3,975.0,3.2676,2.1942785415014865,1.0733214584985133
1.3,989.0,3.2525,2.193558935617742,1.058941064382258
1.3,1003.0,3.2441,2.1928522505434676,1.0512477494565324
1.3,1018.0,3.2401,2.192108963455568,1.047991036544432
1.3,1032.0,3.247,2.191427767146258,1.0555722328537418
1.3,1047.0,3.2368,2.190710916624837,1.046089083375163
1.3,1061.0,3.1999,2.1900536163430995,1.0098463836569005
1.3,1075.0,3.2125,2.1894073239204377,1.0230926760795622
1.3,1090.0,3.2229,2.1887267151152057,1.0341732848847944
1.3,1104.0,3.199,2.1881022089182274,1.0108977910817725
1.3,1118.0,3.238,2.187487757279319,1.0505122427206808
1.3,1133.0,3.2022,2.1868402504125912,1.0153597495874087
1.3,1147.0,3.2104,2.1862457331659892,1.0241542668340107
1.3,1161.0,3.1955,2.18566043158556,1.00983956841444
1.3,1176.0,3.2036,2.1850432638701465,1.0185567361298533
1.3,1190.0,3.2029,2.1844762631403882,1.0184237368596119
1.3,1204.0,3.1901,2.183917736311396,1.0061822636886042
1.3,1219.0,3.1992,2.1833284649717033,1.0158715350282965
1.3,1233.0,3.1741,2.1827867913333656,0.9913132086666345
1.3,1247.0,3.1756,2.182252932784844,0.9933470672151561
1.3,1262.0,3.1774,2.1816893883394863,0.9957106116605137
1.3,1276.0,3.1684,2.1811710945299967,0.9872289054700034
1.3,1290.0,3.1675,2.180660028248504,0.986839971751496
1.3,1305.0,3.1656,2.180120275928914,0.985479724071086
1.3,1319.0,3.1615,2.1796236230383297,0.9818763769616705
1.3,1333.0,3.1906,2.1791336716301215,1.0114663283698784
1.3,1348.0,3.1606,2.1786159793037263,0.9819840206962738
1.3,1362.0,3.1238,2.178139408603922,0.945660591396078
1.3,1376.0,3.1546,2.1776690667134826,0.9769309332865173
1.3,1391.0,3.1348,2.1771718780474885,0.9576281219525113
1.3,1405.0,3.1366,2.176713987376242,0.9598860126237581
1.3,1419.0,3.1351,2.176261899360314,0.958838100639686
1.3,1434.0,3.1186,2.1757838112383254,0.9428161887616744
1.3,1448.0,3.1289,2.175343335088379,0.9535566649116207
1.3,1462.0,3.1598,2.1749082761590373,0.9848917238409629
1.3,1477.0,3.1217,2.174448019572267,0.9472519804277333
1.3,1491.0,3.1099,2.1740238122139774,0.9358761877860227
1.3,1505.0,3.1309,2.1736046724279663,0.9572953275720337
1.3,1520.0,3.1157,2.1731610962232093,0.9425389037767906
1.3,1534.0,3.1022,2.1727521173264854,0.9294478826735144
1.3,1548.0,3.1116,2.172347887924046,0.939252112075954
1.3,1563.0,3.105,2.1719199449144364,0.9330800550855636
1.3,1577.0,3.1072,2.171525247241766,0.9356747527582341
1.3,1591.0,3.0972,2.1711350089359684,0.9260649910640315
1.3,1606.0,3.0945,2.170721743976896,0.923778256023104
1.3,1620.0,3.0982,2.1703404628020664,0.9278595371979335
1.3,1634.0,3.0938,2.169963375696137,0.9238366243038629
1.3,1649.0,3.086,2.169563915404255,0.9164360845957447
1.3,1663.0,3.0976,2.169195259376394,0.928404740623606
1.3,1677.0,3.0616,2.1688305542467665,0.8927694457532334
1.3,1692.0,3.0947,2.1684440980996436,0.9262559019003564
1.3,1706.0,3.076,2.1680873413237056,0.9079126586762944
1.3,1720.0,3.068,2.167734312054264,0.900265687945736
1.3,1735.0,3.0702,2.1673601246556324,0.9028398753443674
1.3,1749.0,3.0621,2.1670145998014183,0.8950854001985817
1.3,1763.0,3.0725,2.166672596792531,0.9058274032074687
1.3,1778.0,3.0765,2.1663100011259644,0.9101899988740354
1.3,1792.0,3.068,2.1659750934106126,0.9020249065893875
1.3,1806.0,3.0644,2.165643517817127,0.8987564821828729
1.3,1821.0,3.063,2.165291889341468,0.8977081106585323
1.3,1835.0,3.0609,2.1649670312568206,0.8959329687431796
1.3,1849.0,3.0521,2.164645329933903,0.8874546700660968
1.3,1864.0,3.0579,2.1643040913984013,0.8935959086015988
1.3,1878.0,3.0428,2.163988758076088,0.8788112419239122
1.3,1892.0,3.0591,2.1636764191318325,0.8954235808681674
1.3,1907.0,3.0652,2.1633450360090136,0.9018549639909863
1.3,1921.0,3.0515,2.1630387411335694,0.8884612588664305
1.3,1935.0,3.0481,2.1627352900036625,0.8853647099963373
1.3,1950.0,3.0363,2.162413266454318,0.8738867335456821
1.3,1964.0,3.0354,2.1621155586489547,0.8732844413510454
1.3,1978.0,3.039,2.1618205546220928,0.8771794453779074
1.3,1993.0,3.0181,2.161507429920248,0.8565925700797519
1.3,2007.0,3.0468,2.1612178895416494,0.8855821104583508
1.3,2021.0,3.0286,2.160930922675454,0.8676690773245461
1.3,2036.0,3.0393,2.160626268032263,0.8786737319677367
1.3,2050.0,3.0207,2.160344504320512,0.8603554956794883
1.3,2050.0,3.0089,2.160344504320512,0.8485554956794883
1.3,2050.0,3.0192,2.160344504320512,0.8588554956794883
1.3,2050.0,3.0382,2.160344504320512,0.877855495679488
1.3,2050.0,3.0308,2.160344504320512,0.8704554956794883
2.7,14.0,6.0114,2.5349154262955573,3.4764845737044427
2.7,29.0,5.2897,2.425650443304853,2.864049556695147
2.7,43.0,4.9366,2.3751995274301145,2.561400472569886
2.7,57.0,4.698,2.342365642824633,2.3556343571753673
2.7,72.0,4.5375,2.317046991931194,2.2204530080688056
2.7,86.0,4.397,2.298868716101235,2.0981312838987654
2.7,100.0,4.2948,2.284131976697388,2.010668023302612
2.7,115.0,4.1897,2.2710202943166893,1.918679705683311
2.7,129.0,4.1484,2.2606203677573955,1.8877796322426041
2.7,143.0,4.0792,2.251573239668081,1.8276267603319192
2.7,158.0,4.0507,2.243059362242716,1.807640637757284
2.7,172.0,3.99,2.2359979474485394,1.7540020525514608
2.7,186.0,3.9117,2.2296363461274153,1.6820636538725848
2.7,201.0,3.8887,2.2234671525816063,1.6652328474183937
2.7,215.0,3.8482,2.21821881881064,1.6299811811893599
2.7,229.0,3.8267,2.213390622005666,1.6133093779943342
2.7,244.0,3.7859,2.2086199237077495,1.5772800762922503
2.7,258.0,3.7575,2.2044942464107984,1.5530057535892015
2.7,272.0,3.7271,2.2006455920464996,1.5264544079535005
2.7,287.0,3.6934,2.196793774486431,1.496606225513569
2.7,301.0,3.6651,2.1934243403052682,1.4716756596947316
2.7,315.0,3.6683,2.1902497440250865,1.4780502559749134
2.7,330.0,3.6336,2.1870428381456444,1.4465571618543556
2.7,344.0,3.6255,2.184213700927826,1.441286299072174
2.7,358.0,3.5919,2.181528218972006,1.4103717810279939
2.7,373.0,3.5754,2.1787961614925626,1.3966038385074375
2.7,387.0,3.5938,2.176370197902997,1.4174298020970029
2.7,401.0,3.5487,2.174054035219882,1.3746459647801181
2.7,416.0,3.5217,2.171684582306268,1.350015417693732
2.7,430.0,3.5114,2.1695697129499734,1.3418302870500267
2.7,444.0,3.5054,2.1675411846093744,1.3378588153906255
2.7,459.0,3.4975,2.165456672318739,1.3320433276812609
2.7,473.0,3.4639,2.163588313588856,1.3003116864111441
2.7,487.0,3.4625,2.161789424831646,1.3007105751683539
2.7,502.0,3.4321,2.159934062546546,1.2721659374534542
2.7,516.0,3.4342,2.1582653078062912,1.275934692193709
2.7,530.0,3.4073,2.1566535177897634,1.2506464822102368
2.7,545.0,3.4138,2.1549859858353666,1.2588140141646336
2.7,559.0,3.4006,2.1534817787317775,1.2471182212682224
2.7,573.0,3.4066,2.1520250311339786,1.2545749688660215
2.7,588.0,3.3691,2.1505139421805657,1.2185860578194343
2.7,602.0,3.3849,2.149147449713978,1.2357525502860218
2.7,616.0,3.3422,2.1478210367870374,1.1943789632129627
2.7,631.0,3.3471,2.1464420333135754,1.2006579666864248
2.7,645.0,3.3357,2.1451922968688333,1.1905077031311668
2.7,659.0,3.3388,2.1439768049701655,1.1948231950298345
2.7,674.0,3.3382,2.1427106361909956,1.1954893638090045
2.7,688.0,3.3225,2.1415609984846373,1.1809390015153625
2.7,702.0,3.3067,2.1404409187038134,1.1662590812961868
2.7,717.0,3.2984,2.1392721274708935,1.1591278725291065
2.7,731.0,3.2774,2.1382091485320145,1.1391908514679856
2.7,745.0,3.2834,2.137171911127592,1.146228088872408
2.7,760.0,3.2628,2.1360879137372564,1.1267120862627436
2.7,774.0,3.2712,2.1351006051583297,1.1360993948416702
2.7,788.0,3.2753,2.13413589244639,1.1411641075536103
2.7,803.0,3.2519,2.1331263190237166,1.1187736809762834
2.7,817.0,3.2495,2.132205591197464,1.117294408802536
2.7,831.0,3.2542,2.1313048383323188,1.1228951616676812
2.7,846.0,3.2302,2.130361050498196,1.099838949501804
2.7,860.0,3.2523,2.1294993059088623,1.1228006940911377
2.7,874.0,3.2052,2.1286553314563657,1.0765446685436344
2.7,889.0,3.2186,2.127770063351923,1.0908299366480767
2.7,903.0,3.212,2.126960892209421,1.0850391077905792
2.7,917.0,3.2053,2.1261676202615494,1.0791323797384504
2.7,932.0,3.2132,2.1253347071404667,1.0878652928595334
2.7,946.0,3.2003,2.1245726561208507,1.0757273438791493
2.7,960.0,3.1924,2.123824904182282,1.0685750958177183
2.7,975.0,3.2048,2.1230390742866674,1.0817609257133327
2.7,989.0,3.1825,2.122319468402923,1.060180531597077
2.7,1003.0,3.1857,2.1216127833286484,1.0640872166713518
2.7,1018.0,3.1907,2.120869496240749,1.0698305037592513
2.7,1032.0,3.1806,2.120188299931439,1.0604117000685611
2.7,1047.0,3.1644,2.119471449410018,1.0449285505899821
2.7,1061.0,3.1662,2.118814149128281,1.047385850871719
2.7,1075.0,3.1655,2.1181678567056186,1.0473321432943816
2.7,1090.0,3.1463,2.117487247900387,1.028812752099613
2.7,1104.0,3.1617,2.1168627417034087,1.0448372582965915
2.7,1118.0,3.1542,2.1162482900645005,1.0379517099354993
2.7,1133.0,3.1272,2.1156007831977726,1.0115992168022276
2.7,1147.0,3.1415,2.11500626595117,1.02649373404883
2.7,1161.0,3.137,2.1144209643707415,1.0225790356292586
2.7,1176.0,3.1239,2.113803796655328,1.010096203344672
2.7,1190.0,3.1248,2.113236795925569,1.011563204074431
2.7,1204.0,3.1232,2.112678269096577,1.0105217309034233
2.7,1219.0,3.1054,2.112088997756884,0.9933110022431157
2.7,1233.0,3.1034,2.111547324118547,0.9918526758814532
2.7,1247.0,3.1023,2.1110134655700254,0.9912865344299746
2.7,1262.0,3.1037,2.1104499211246672,0.9932500788753327
2.7,1276.0,3.1039,2.1099316273151776,0.9939683726848223
2.7,1290.0,3.0725,2.1094205610336854,0.9630794389663144
2.7,1305.0,3.087,2.1088808087140953,0.9781191912859049
2.7,1319.0,3.1159,2.108384155823511,1.0075158441764889
2.7,1333.0,3.0832,2.1078942044153024,0.9753057955846978
2.7,1348.0,3.0881,2.107376512088907,0.9807234879110927
2.7,1362.0,3.0699,2.106899941389103,0.9630000586108971
2.7,1376.0,3.0789,2.1064295994986635,0.9724704005013365
2.7,1391.0,3.0763,2.1059324108326694,0.9703675891673305
2.7,1405.0,3.0619,2.1054745201614233,0.9564254798385767
2.7,1419.0,3.0809,2.1050224321454953,0.9758775678545049
2.7,1434.0,3.0598,2.1045443440235063,0.9552556559764938
2.7,1448.0,3.0551,2.1041038678735604,0.9509961321264395
2.7,1462.0,3.0516,2.1036688089442186,0.9479311910557815
2.7,1477.0,3.0429,2.1032085523574477,0.9396914476425522
2.7,1491.0,3.0535,2.102784344999159,0.9507156550008413
2.7,1505.0,3.0366,2.1023652052131476,0.9342347947868523
2.7,1520.0,3.046,2.1019216290083906,0.9440783709916092
2.7,1534.0,3.0677,2.1015126501116663,0.9661873498883335
2.7,1548.0,3.0378,2.101108420709227,0.9366915792907728
2.7,1563.0,3.0383,2.1006804776996173,0.9376195223003827
2.7,1577.0,3.0398,2.1002857800269474,0.9395142199730526
2.7,1591.0,3.0236,2.0998955417211493,0.9237044582788507
2.7,1606.0,3.0348,2.0994822767620773,0.9353177232379228
2.7,1620.0,3.0378,2.0991009955872473,0.9386990044127526
2.7,1634.0,3.0221,2.0987239084813183,0.9233760915186817
2.7,1649.0,3.035,2.098324448189436,0.936675551810564
2.7,1663.0,3.0234,2.097955792161575,0.9254442078384253
2.7,1677.0,3.0241,2.0975910870319474,0.9265089129680524
2.7,1692.0,3.018,2.0972046308848245,0.9207953691151753
2.7,1706.0,3.0171,2.0968478741088865,0.9202521258911136
2.7,1720.0,3.0208,2.0964948448394454,0.9243051551605546
2.7,1735.0,2.9994,2.0961206574408133,0.9032793425591867
2.7,1749.0,3.0069,2.095775132586599,0.9111248674134007
2.7,1763.0,2.993,2.095433129577712,0.8975668704222879
2.7,1778.0,2.9982,2.0950705339111457,0.9031294660888545
2.7,1792.0,2.9895,2.094735626195794,0.8947643738042061
2.7,1806.0,2.9932,2.094404050602308,0.8987959493976918
2.7,1821.0,2.997,2.094052422126649,0.9029475778733507
2.7,1835.0,2.9682,2.093727564042002,0.8744724359579981
2.7,1849.0,2.976,2.093405862719084,0.8825941372809161
2.7,1864.0,2.9822,2.0930646241835826,0.8891353758164176
2.7,1878.0,2.9733,2.092749290861269,0.8805507091387312
2.7,1892.0,2.9599,2.0924369519170134,0.8674630480829868
2.7,1907.0,2.9797,2.0921055687941945,0.8875944312058053
2.7,1921.0,2.9706,2.0917992739187503,0.8788007260812498
2.7,1935.0,2.9901,2.091495822788844,0.8986041772111562
2.7,1950.0,2.9641,2.0911737992394994,0.8729262007605008
2.7,1964.0,2.9628,2.090876091434136,0.8719239085658641
2.7,1978.0,2.9668,2.0905810874072737,0.8762189125927264
2.7,1993.0,2.9568,2.0902679627054295,0.8665320372945704
2.7,2007.0,2.9685,2.0899784223268307,0.8785215776731694
2.7,2021.0,2.9649,2.089691455460635,0.8752085445393649
2.7,2036.0,2.9607,2.089386800817444,0.871313199182556
2.7,2050.0,2.9703,2.0891050371056927,0.8811949628943072
2.7,2050.0,2.9612,2.0891050371056927,0.8720949628943071
2.7,2050.0,2.974,2.0891050371056927,0.8848949628943075
2.7,2050.0,2.9622,2.0891050371056927,0.8730949628943074
2.7,2050.0,2.9453,2.0891050371056927,0.8561949628943073
6.7,14.0,5.9795,2.467783748735145,3.511716251264855
6.7,29.0,5.2198,2.3585187657444404,2.86128123425556
6.7,43.0,4.8737,2.308067849869702,2.5656321501302983
6.7,57.0,4.6275,2.2752339652642206,2.3522660347357798
6.7,72.0,4.4713,2.2499153143707815,2.2213846856292188
6.7,86.0,4.3226,2.2317370385408224,2.090862961459178
6.7,100.0,4.2357,2.2170002991369757,2.018699700863024
6.7,115.0,4.1609,2.203888616756277,1.957011383243723
6.7,129.0,4.0776,2.193488690196983,1.8841113098030173
6.7,143.0,4.023,2.1844415621076685,1.8385584378923312
6.7,158.0,3.9439,2.1759276846823035,1.7679723153176967
6.7,172.0,3.8998,2.168866269888127,1.730933730111873
6.7,186.0,3.8565,2.162504668567003,1.6939953314329972
6.7,201.0,3.8133,2.156335475021194,1.656964524978806
6.7,215.0,3.7848,2.1510871412502275,1.6337128587497727
6.7,229.0,3.7579,2.1462589444452536,1.6116410555547462
6.7,244.0,3.7307,2.141488246147337,1.5892117538526631
6.7,258.0,3.6952,2.137362568850386,1.557837431149614
6.7,272.0,3.6562,2.1335139144860875,1.5226860855139126
6.7,287.0,3.6202,2.1296620969260185,1.4905379030739816
6.7,301.0,3.6279,2.1262926627448557,1.5016073372551442
6.7,315.0,3.591,2.123118066464674,1.4678819335353261
6.7,330.0,3.5589,2.119911160585232,1.438988839414768
6.7,344.0,3.5543,2.1170820233674137,1.4372179766325863
6.7,358.0,3.5167,2.1143965414115935,1.4023034585884067
6.7,373.0,3.5268,2.11166448393215,1.41513551606785
6.7,387.0,3.499,2.1092385203425845,1.3897614796574156
6.7,401.0,3.4618,2.10692235765947,1.3548776423405302
6.7,416.0,3.4636,2.104552904745856,1.359047095254144
6.7,430.0,3.4444,2.102438035389561,1.341961964610439
6.7,444.0,3.4421,2.100409507048962,1.341690492951038
6.7,459.0,3.4222,2.0983249947583267,1.3238750052416735
6.7,473.0,3.4075,2.0964566360284436,1.3110433639715566
6.7,487.0,3.3876,2.0946577472712335,1.2929422527287664
6.7,502.0,3.3806,2.0928023849861335,1.2877976150138664
6.7,516.0,3.3649,2.0911336302458787,1.2737663697541213
6.7,530.0,3.3612,2.089521840229351,1.2716781597706492
6.7,545.0,3.332,2.087854308274954,1.2441456917250457
6.7,559.0,3.3403,2.086350101171365,1.253949898828635
6.7,573.0,3.3204,2.084893353573566,1.2355066464264337
6.7,588.0,3.3194,2.083382264620153,1.2360177353798467
6.7,602.0,3.2847,2.0820157721535657,1.2026842278464343
6.7,616.0,3.276,2.080689359226625,1.195310640773375
6.7,631.0,3.2849,2.079310355753163,1.205589644246837
6.7,645.0,3.2845,2.078060619308421,1.2064393806915792
6.7,659.0,3.2651,2.0768451274097535,1.1882548725902464
6.7,674.0,3.24,2.075578958630583,1.1644210413694172
6.7,688.0,3.2426,2.074429320924225,1.168170679075775
6.7,702.0,3.2495,2.073309241143401,1.176190758856599
6.7,717.0,3.2421,2.072140449910481,1.1699595500895192
6.7,731.0,3.226,2.071077470971602,1.154922529028398
6.7,745.0,3.2195,2.0700402335671795,1.1494597664328206
6.7,760.0,3.2259,2.0689562361768443,1.156943763823156
6.7,774.0,3.1921,2.067968927597917,1.1241310724020828
6.7,788.0,3.1984,2.0670042148859773,1.1313957851140226
6.7,803.0,3.2064,2.0659946414633037,1.1404053585366962
6.7,817.0,3.176,2.0650739136370513,1.1109260863629489
6.7,831.0,3.1936,2.0641731607719063,1.1294268392280937
6.7,846.0,3.1721,2.0632293729377835,1.1088706270622164
6.7,860.0,3.1898,2.0623676283484498,1.1274323716515502
6.7,874.0,3.1695,2.061523653895953,1.107976346104047
6.7,889.0,3.1604,2.0606383857915107,1.0997616142084894
6.7,903.0,3.1679,2.0598292146490085,1.1080707853509915
6.7,917.0,3.1328,2.059035942701137,1.0737640572988632
6.7,932.0,3.1369,2.058203029580054,1.0786969704199456
6.7,946.0,3.1137,2.057440978560438,1.056259021439562
6.7,960.0,3.1336,2.0566932266218694,1.0769067733781306
6.7,975.0,3.1218,2.055907396726255,1.065892603273745
6.7,989.0,3.1186,2.0551877908425107,1.0634122091574891
6.7,1003.0,3.1136,2.054481105768236,1.059118894231764
6.7,1018.0,3.1162,2.053737818680337,1.0624621813196633
6.7,1032.0,3.1029,2.0530566223710265,1.0498433776289735
6.7,1047.0,3.0943,2.0523397718496055,1.0419602281503946
6.7,1061.0,3.0874,2.051682471567868,1.0357175284321323
6.7,1075.0,3.0841,2.051036179145206,1.0330638208547938
6.7,1090.0,3.0894,2.0503555703399745,1.0390444296600254
6.7,1104.0,3.0746,2.049731064142996,1.024868935857004
6.7,1118.0,3.0768,2.049116612504088,1.027683387495912
6.7,1133.0,3.0824,2.04846910563736,1.0339308943626397
6.7,1147.0,3.0636,2.0478745883907576,1.0157254116092425
6.7,1161.0,3.0604,2.047289286810329,1.013110713189671
6.7,1176.0,3.0493,2.0466721190949153,1.0026278809050848
6.7,1190.0,3.051,2.0461051183651566,1.0048948816348435
6.7,1204.0,3.053,2.0455465915361644,1.0074534084638356
6.7,1219.0,3.0294,2.0449573201964717,0.9844426798035282
6.7,1233.0,3.0517,2.0444156465581345,1.0072843534418654
6.7,1247.0,3.0568,2.043881788009613,1.012918211990387
6.7,1262.0,3.0308,2.0433182435642547,0.9874817564357454
6.7,1276.0,3.0316,2.042799949754765,0.988800050245235
6.7,1290.0,3.0469,2.042288883473273,1.004611116526727
6.7,1305.0,3.0208,2.041749131153683,0.9790508688463171
6.7,1319.0,3.0327,2.0412524782630985,0.9914475217369016
6.7,1333.0,3.0191,2.04076252685489,0.97833747314511
6.7,1348.0,3.0166,2.0402448345284947,0.9763551654715052
6.7,1362.0,3.0129,2.0397682638286905,0.9731317361713097
6.7,1376.0,3.0117,2.039297921938251,0.9724020780617488
6.7,1391.0,3.0136,2.038800733272257,0.974799266727743
6.7,1405.0,3.0009,2.038342842601011,0.9625571573989893
6.7,1419.0,3.0168,2.037890754585083,0.9789092454149171
6.7,1434.0,2.9993,2.037412666463094,0.961887333536906
6.7,1448.0,2.9933,2.036972190313148,0.9563278096868522
6.7,1462.0,2.9744,2.036537131383806,0.9378628686161941
6.7,1477.0,2.9836,2.0360768747970353,0.9475231252029648
6.7,1491.0,2.9739,2.0356526674387463,0.9382473325612537
6.7,1505.0,2.9864,2.035233527652735,0.951166472347265
6.7,1520.0,2.9856,2.034789951447978,0.9508100485520217
6.7,1534.0,2.9758,2.034380972551254,0.9414190274487462
6.7,1548.0,2.9623,2.0339767431488145,0.9283232568511854
6.7,1563.0,2.9872,2.033548800139205,0.9536511998607953
6.7,1577.0,2.9473,2.033154102466535,0.9141458975334649
6.7,1591.0,2.9689,2.032763864160737,0.9361361358392633
6.7,1606.0,2.9593,2.032350599201665,0.926949400798335
6.7,1620.0,2.9631,2.031969318026835,0.9311306819731651
6.7,1634.0,2.9434,2.031592230920906,0.9118077690790942
6.7,1649.0,2.9422,2.0311927706290236,0.9110072293709766
6.7,1663.0,2.9503,2.0308241146011623,0.9194758853988376
6.7,1677.0,2.9484,2.030459409471535,0.917940590528465
6.7,1692.0,2.9425,2.030072953324412,0.9124270466755879
6.7,1706.0,2.9455,2.029716196548474,0.915783803451526
6.7,1720.0,2.9541,2.029363167279033,0.9247368327209671
6.7,1735.0,2.9284,2.028988979880401,0.8994110201195991
6.7,1749.0,2.9495,2.0286434550261867,0.9208565449738133
6.7,1763.0,2.9229,2.0283014520172995,0.8945985479827003
6.7,1778.0,2.9279,2.0279388563507332,0.8999611436492669
6.7,1792.0,2.93,2.0276039486353814,0.9023960513646188
6.7,1806.0,2.9254,2.0272723730418956,0.8981276269581042
6.7,1821.0,2.9344,2.0269207445662367,0.9074792554337634
6.7,1835.0,2.9303,2.0265958864815894,0.9037041135184105
6.7,1849.0,2.9266,2.0262741851586714,0.9003258148413287
6.7,1864.0,2.9117,2.02593294662317,0.88576705337683
6.7,1878.0,2.9099,2.0256176133008563,0.8842823866991436
6.7,1892.0,2.904,2.025305274356601,0.878694725643399
6.7,1907.0,2.909,2.024973891233782,0.8840261087662178
6.7,1921.0,2.9034,2.024667596358338,0.8787324036416622
6.7,1935.0,2.9104,2.0243641452284313,0.8860358547715688
6.7,1950.0,2.9122,2.024042121679087,0.888157878320913
6.7,1964.0,2.8935,2.0237444138737235,0.8697555861262765
6.7,1978.0,2.8976,2.023449409846861,0.874150590153139
6.7,1993.0,2.8865,2.023136285145017,0.8633637148549829
6.7,2007.0,2.8929,2.0228467447664182,0.8700532552335818
6.7,2021.0,2.8892,2.0225597779002227,0.8666402220997775
6.7,2036.0,2.8851,2.0222551232570316,0.8628448767429684
6.7,2050.0,2.879,2.0219733595452802,0.8570266404547198
6.7,2050.0,2.8916,2.0219733595452802,0.8696266404547197
6.7,2050.0,2.8994,2.0219733595452802,0.8774266404547197
6.7,2050.0,2.8913,2.0219733595452802,0.86932664045472
6.7,2050.0,2.8794,2.0219733595452802,0.8574266404547197
13.0,14.0,5.8879,2.4303717507007443,3.457528249299256
13.0,29.0,5.1875,2.3211067677100394,2.8663932322899606
13.0,43.0,4.8306,2.2706558518353015,2.559944148164698
13.0,57.0,4.6049,2.2378219672298196,2.36707803277018
13.0,72.0,4.4218,2.212503316336381,2.209296683663619
13.0,86.0,4.2921,2.1943250405064214,2.097774959493578
13.0,100.0,4.2019,2.1795883011025747,2.0223116988974255
13.0,115.0,4.1037,2.1664766187218762,1.9372233812781237
13.0,129.0,4.006,2.156076692162582,1.8499233078374182
13.0,143.0,3.9879,2.1470295640732675,1.8408704359267323
13.0,158.0,3.9068,2.1385156866479025,1.7682843133520976
13.0,172.0,3.8926,2.131454271853726,1.761145728146274
13.0,186.0,3.8058,2.1250926705326023,1.6807073294673978
13.0,201.0,3.7772,2.118923476986793,1.6582765230132073
13.0,215.0,3.7422,2.1136751432158265,1.6285248567841735
13.0,229.0,3.7004,2.1088469464108526,1.5915530535891476
13.0,244.0,3.6839,2.104076248112936,1.579823751887064
13.0,258.0,3.656,2.0999505708159854,1.5560494291840148
13.0,272.0,3.6207,2.0961019164516865,1.5245980835483133
13.0,287.0,3.5986,2.0922500988916175,1.5063499011083823
13.0,301.0,3.5783,2.088880664710455,1.4894193352895448
13.0,315.0,3.5435,2.085706068430273,1.4577939315697268
13.0,330.0,3.5297,2.082499162550831,1.4472008374491692
13.0,344.0,3.4951,2.079670025333013,1.4154299746669867
13.0,358.0,3.4858,2.076984543377193,1.4088154566228068
13.0,373.0,3.4735,2.0742524858977496,1.3992475141022505
13.0,387.0,3.4512,2.071826522308184,1.379373477691816
13.0,401.0,3.4482,2.069510359625069,1.378689640374931
13.0,416.0,3.4071,2.067140906711455,1.3399590932885448
13.0,430.0,3.417,2.06502603735516,1.35197396264484
13.0,444.0,3.3984,2.062997509014561,1.3354024909854392
13.0,459.0,3.371,2.0609129967239257,1.3100870032760743
13.0,473.0,3.3878,2.0590446379940426,1.3287553620059573
13.0,487.0,3.3569,2.0572457492368326,1.2996542507631674
13.0,502.0,3.3502,2.0553903869517325,1.2948096130482676
13.0,516.0,3.3425,2.053721632211478,1.2887783677885216
13.0,530.0,3.3202,2.05210984219495,1.2680901578050499
13.0,545.0,3.3101,2.050442310240553,1.2596576897594467
13.0,559.0,3.2819,2.048938103136964,1.2329618968630358
13.0,573.0,3.2855,2.0474813555391655,1.2380186444608343
13.0,588.0,3.2848,2.045970266585752,1.238829733414248
13.0,602.0,3.2704,2.044603774119165,1.2257962258808348
13.0,616.0,3.2424,2.043277361192224,1.199122638807776
13.0,631.0,3.2362,2.0418983577187624,1.1943016422812378
13.0,645.0,3.2382,2.04064862127402,1.1975513787259802
13.0,659.0,3.2315,2.0394331293753525,1.1920668706246476
13.0,674.0,3.2268,2.038166960596182,1.1886330394038178
13.0,688.0,3.202,2.0370173228898243,1.1649826771101757
13.0,702.0,3.2006,2.035897243109,1.1647027568910002
13.0,717.0,3.195,2.0347284518760804,1.1602715481239194
13.0,731.0,3.1949,2.0336654729372015,1.1612345270627986
13.0,745.0,3.1894,2.0326282355327785,1.1567717644672215
13.0,760.0,3.1847,2.0315442381424433,1.1531557618575565
13.0,774.0,3.178,2.0305569295635166,1.1474430704364833
13.0,788.0,3.1666,2.0295922168515768,1.137007783148423
13.0,803.0,3.156,2.028582643428903,1.127417356571097
13.0,817.0,3.1508,2.0276619156026507,1.123138084397349
13.0,831.0,3.1597,2.0267611627375053,1.1329388372624947
13.0,846.0,3.1322,2.0258173749033825,1.1063826250966176
13.0,860.0,3.159,2.0249556303140492,1.1340443696859506
13.0,874.0,3.1207,2.024111655861552,1.0965883441384476
13.0,889.0,3.1018,2.02322638775711,1.0785736122428897
13.0,903.0,3.1097,2.0224172166146075,1.0872827833853926
13.0,917.0,3.1099,2.021623944666736,1.0882760553332642
13.0,932.0,3.0951,2.0207910315456536,1.0743089684543463
13.0,946.0,3.1051,2.020028980526037,1.085071019473963
13.0,960.0,3.0924,2.019281228587469,1.0731187714125312
13.0,975.0,3.0865,2.0184953986918543,1.0680046013081457
13.0,989.0,3.081,2.0177757928081097,1.0632242071918903
13.0,1003.0,3.0757,2.0170691077338354,1.0586308922661645
13.0,1018.0,3.0562,2.016325820645936,1.0398741793540642
13.0,1032.0,3.0612,2.015644624336626,1.045555375663374
13.0,1047.0,3.0421,2.014927773815205,1.027172226184795
13.0,1061.0,3.0489,2.0142704735334673,1.0346295264665328
13.0,1075.0,3.0576,2.0136241811108055,1.0439758188891943
13.0,1090.0,3.0377,2.0129435723055735,1.0247564276944265
13.0,1104.0,3.0471,2.0123190661085952,1.0347809338914047
13.0,1118.0,3.0363,2.011704614469687,1.0245953855303132
13.0,1133.0,3.0298,2.011057107602959,1.0187428923970407
13.0,1147.0,3.0196,2.010462590356357,1.009137409643643
13.0,1161.0,3.0194,2.009877288775928,1.0095227112240721
13.0,1176.0,3.0173,2.0092601210605143,1.0080398789394858
13.0,1190.0,3.0223,2.008693120330756,1.013606879669244
13.0,1204.0,3.0051,2.008134593501764,0.9969654064982363
13.0,1219.0,3.0103,2.007545322162071,1.0027546778379288
13.0,1233.0,2.9909,2.0070036485237335,0.9838963514762664
13.0,1247.0,3.0023,2.006469789975212,0.995830210024788
13.0,1262.0,3.0046,2.005906245529854,0.9986937544701457
13.0,1276.0,2.9995,2.0053879517203645,0.9941120482796353
13.0,1290.0,2.99,2.004876885438872,0.9851231145611283
13.0,1305.0,2.9815,2.004337133119282,0.9771628668807182
13.0,1319.0,3.0012,2.0038404802286975,0.9973595197713023
13.0,1333.0,2.9926,2.0033505288204894,0.9892494711795106
13.0,1348.0,2.984,2.002832836494094,0.9811671635059058
13.0,1362.0,2.9625,2.00235626579429,0.96014373420571
13.0,1376.0,2.9866,2.0018859239038505,0.9847140760961497
13.0,1391.0,2.9734,2.0013887352378563,0.9720112647621435
13.0,1405.0,2.9743,2.00093084456661,0.9733691554333901
13.0,1419.0,2.966,2.000478756550682,0.9655212434493183
13.0,1434.0,2.9637,2.0000006684286933,0.9636993315713065
13.0,1448.0,2.9482,1.999560192278747,0.948639807721253
13.0,1462.0,2.9468,1.9991251333494051,0.947674866650595
13.0,1477.0,2.9625,1.9986648767626345,0.9638351232373654
13.0,1491.0,2.9574,1.9982406694043455,0.9591593305956543
13.0,1505.0,2.9494,1.9978215296183344,0.9515784703816654
13.0,1520.0,2.9309,1.9973779534135774,0.9335220465864225
13.0,1534.0,2.9464,1.9969689745168533,0.9494310254831468
13.0,1548.0,2.9316,1.996564745114414,0.935035254885586
13.0,1563.0,2.9262,1.9961368021048043,0.9300631978951959
13.0,1577.0,2.9316,1.995742104432134,0.935857895567866
13.0,1591.0,2.937,1.995351866126336,0.9416481338736638
13.0,1606.0,2.9226,1.9949386011672638,0.9276613988327362
13.0,1620.0,2.9066,1.994557319992434,0.912042680007566
13.0,1634.0,2.9109,1.9941802328865048,0.916719767113495
13.0,1649.0,2.8747,1.9937807725946228,0.880919227405377
13.0,1663.0,2.9155,1.9934121165667618,0.9220878834332384
13.0,1677.0,2.9034,1.9930474114371342,0.9103525885628658
13.0,1692.0,2.9009,1.9926609552900112,0.9082390447099888
13.0,1706.0,2.8904,1.9923041985140733,0.8980958014859268
13.0,1720.0,2.8993,1.9919511692446321,0.9073488307553681
13.0,1735.0,2.904,1.991576981846,0.9124230181539998
13.0,1749.0,2.8996,1.991231456991786,0.908368543008214
13.0,1763.0,2.9049,1.9908894539828987,0.9140105460171013
13.0,1778.0,2.8945,1.9905268583163322,0.9039731416836676
13.0,1792.0,2.8923,1.9901919506009804,0.9021080493990197
13.0,1806.0,2.8862,1.989860375007495,0.8963396249925051
13.0,1821.0,2.8808,1.989508746531836,0.8912912534681638
13.0,1835.0,2.8853,1.9891838884471884,0.8961161115528116
13.0,1849.0,2.8746,1.9888621871242709,0.8857378128757292
13.0,1864.0,2.8813,1.9885209485887692,0.8927790514112308
13.0,1878.0,2.8742,1.9882056152664556,0.8859943847335445
13.0,1892.0,2.8727,1.9878932763222001,0.8848067236777999
13.0,1907.0,2.8786,1.9875618931993813,0.8910381068006188
13.0,1921.0,2.8665,1.9872555983239373,0.8792444016760625
13.0,1935.0,2.8612,1.9869521471940306,0.8742478528059696
13.0,1950.0,2.8665,1.9866301236446862,0.8798698763553137
13.0,1964.0,2.8629,1.9863324158393227,0.876567584160677
13.0,1978.0,2.8565,1.9860374118124604,0.8704625881875396
13.0,1993.0,2.8658,1.985724287110616,0.8800757128893841
13.0,2007.0,2.8625,1.9854347467320173,0.8770652532679826
13.0,2021.0,2.8581,1.985147779865822,0.872952220134178
13.0,2036.0,2.8555,1.9848431252226308,0.8706568747773693
13.0,2050.0,2.8591,1.9845613615108795,0.8745386384891207
13.0,2050.0,2.8569,1.9845613615108795,0.8723386384891205
13.0,2050.0,2.8595,1.9845613615108795,0.8749386384891207
13.0,2050.0,2.8354,1.9845613615108795,0.8508386384891204
13.0,2050.0,2.8537,1.9845613615108795,0.8691386384891204
