N_params_B,D_tokens_B,val_loss,predicted_loss,residual,split
0.070542,0.134,4.7388,4.668469547571373,0.07033045242862723,train
0.070542,0.268,4.3541,4.287361619287346,0.06673838071265425,train
0.070542,0.537,4.0384,3.971899894507844,0.06650010549215635,train
0.070542,1.074,3.7776,3.712179744739712,0.06542025526028805,train
0.070542,2.097,3.5698,3.504487801132518,0.06531219886748207,train
0.070542,4.194,3.3922,3.326221265395316,0.06597873460468406,train
0.070542,6.291,3.3024,3.2367137814052134,0.06568621859478663,train
0.070542,8.389,3.2452,3.1789973954419497,0.06620260455805038,train
0.070542,10.486,3.2041,3.1373056388062834,0.06679436119371651,train
0.070542,12.583,3.172,3.105097220640401,0.06690277935959932,train
0.070542,14.68,3.1466,3.0791023684655547,0.0674976315344451,test
0.070542,16.777,3.1248,3.057461959969519,0.06733804003048105,train
0.070542,18.874,3.1064,3.039025056160781,0.06737494383921883,train
0.070542,20.972,3.0913,3.023026138391993,0.06827386160800675,train
0.070542,23.069,3.077,3.0089560958682906,0.06804390413170935,train
0.070542,25.166,3.0646,2.996430523358536,0.06816947664146378,train
0.070542,27.263,3.0531,2.9851708871230187,0.06792911287698145,train
0.070542,29.36,3.0432,2.9749656666327824,0.06823433336721774,train
0.070542,31.457,3.0342,2.965650744697765,0.06854925530223488,train
0.070542,33.554,3.0254,2.9570964260335355,0.06830357396646436,train
0.070542,35.652,3.018,2.9491949552346775,0.06880504476532234,train
0.070542,37.749,3.0105,2.9418690621903423,0.06863093780965768,train
0.070542,39.846,3.0039,2.9350449781861063,0.06885502181389347,train
0.070542,41.943,2.9975,2.9286645112070726,0.06883548879292745,test
0.070542,44.04,2.9921,2.922678712530416,0.06942128746958431,train
0.070542,46.137,2.9861,2.917046048748915,0.06905395125108482,train
0.070542,48.234,2.9807,2.911731000171362,0.06896899982863802,train
0.070542,50.332,2.9761,2.90670063867494,0.0693993613250603,train
0.070542,52.429,2.971,2.9019332253712458,0.06906677462875432,train
0.070542,54.526,2.9668,2.8974031640459685,0.06939683595403157,train
0.070542,56.623,2.9621,2.8930901683251573,0.06900983167484265,train
0.070542,58.72,2.9582,2.8889763572996077,0.0692236427003925,test
0.070542,60.817,2.9546,2.8850458962133567,0.0695541037866434,train
0.070542,62.915,2.951,2.8812829458592373,0.06971705414076279,train
0.070542,65.012,2.9473,2.8776785112092234,0.06962148879077645,train
0.070542,67.109,2.9439,2.87421948514586,0.06968051485414017,train
0.070542,69.206,2.9406,2.870895725368034,0.06970427463196582,train
0.070542,71.303,2.9372,2.8676980775703758,0.06950192242962405,train
0.070542,73.4,2.9343,2.864618253444108,0.06968174655589188,train
0.070542,75.497,2.9314,2.861648726744571,0.06975127325542907,train
0.070542,77.595,2.9289,2.858781301235268,0.0701186987647322,train
0.070542,79.692,2.926,2.8560124515178886,0.06998754848211153,train
0.070542,81.789,2.923,2.8533350609907333,0.06966493900926674,train
0.070542,83.886,2.9208,2.850743877239136,0.07005612276086381,train
0.070542,85.983,2.9182,2.848234071337739,0.06996592866226115,test
0.070542,88.08,2.9158,2.845801194352562,0.0699988056474381,train
0.070542,90.178,2.9137,2.8434400305388414,0.07025996946115853,train
0.070542,92.275,2.9115,2.8411490306409584,0.07035096935904184,train
0.070542,94.372,2.9093,2.8389235324419864,0.07037646755801363,train
0.070542,96.469,2.9068,2.8367602688968914,0.07003973110310868,test
0.070542,98.566,2.9049,2.834656202476821,0.07024379752317911,train
0.070542,100.663,2.903,2.8326085045649387,0.07039149543506129,test
0.070542,102.76,2.9011,2.830614537087615,0.070485462912385,train
0.070542,104.858,2.8989,2.8286709215361445,0.07022907846385529,train
0.070542,106.955,2.8971,2.826777205332485,0.0703227946675149,test
0.070542,109.052,2.8951,2.824930291789458,0.07016970821054169,train
0.070542,111.149,2.8933,2.823128157001863,0.07017184299813684,test
0.070542,113.246,2.892,2.8213689006885083,0.07063109931149159,train
0.070542,115.343,2.8904,2.8196507365163854,0.07074926348361466,test
0.070542,117.441,2.8885,2.8179711919383976,0.07052880806160244,test
0.070542,119.538,2.8871,2.816330283542844,0.07076971645715613,train
0.070542,121.635,2.8854,2.8147257076955032,0.07067429230449696,train
0.070542,123.732,2.8836,2.8131560540385894,0.07044394596141057,train
0.070542,125.829,2.8823,2.811619989693212,0.07068001030678772,test
0.070542,127.926,2.8811,2.8101162537953974,0.07098374620460257,train
0.070542,130.023,2.8793,2.808643652499845,0.07065634750015537,train
0.070542,132.121,2.8782,2.8072003734546356,0.07099962654536451,train
0.070542,134.218,2.876,2.805786718953593,0.0702132810464069,train
0.070542,136.315,2.8753,2.8044009752637185,0.07089902473628173,train
0.070542,138.412,2.8738,2.8030421744975604,0.0707578255024397,train
0.070542,140.509,2.8724,2.8017093963530786,0.07069060364692126,test
0.070542,142.606,2.8712,2.8004017651051742,0.07079823489482573,train
0.070542,144.703,2.8696,2.799118446828483,0.07048155317151705,train
0.070542,146.801,2.8687,2.797858051555915,0.0708419484440852,train
0.070542,148.898,2.8676,2.7966210226809385,0.07097897731906144,train
0.070542,150.995,2.8666,2.7954060307365705,0.07119396926342958,train
0.070542,153.092,2.865,2.794212385178601,0.07078761482139928,test
0.070542,155.189,2.8638,2.7930394261852736,0.07076057381472634,train
0.070542,157.286,2.8628,2.7918865228971246,0.07091347710287543,train
0.070542,159.384,2.8619,2.7907525358162273,0.0711474641837726,train
0.070542,161.481,2.8607,2.7896379680018195,0.07106203199818051,train
0.070542,163.578,2.8595,2.788541721010368,0.07095827898963236,test
0.070542,165.675,2.8586,2.787463264550997,0.07113673544900312,train
0.070542,167.772,2.8575,2.7864020901479174,0.07109790985208253,test
0.070542,169.869,2.8566,2.7853577099835913,0.07124229001640847,train
0.070542,171.966,2.8553,2.7843296558166664,0.07097034418333381,train
0.070542,174.064,2.8544,2.7833169990078828,0.07108300099211728,test
0.070542,176.161,2.8534,2.7823202726799923,0.07107972732000789,train
0.070542,178.258,2.8522,2.781338575073307,0.07086142492669278,test
0.070542,180.355,2.8516,2.780371506744522,0.07122849325547786,train
0.070542,182.452,2.8506,2.7794186833548613,0.07118131664513871,train
0.070542,184.549,2.8497,2.7784797349330828,0.07122026506691714,train
0.070542,186.647,2.8487,2.777553867040839,0.07114613295916117,train
0.070542,188.744,2.8476,2.7766416188894834,0.07095838111051656,train
0.070542,190.841,2.8469,2.7757422151124724,0.07115778488752778,train
0.070542,192.938,2.8461,2.774855336677021,0.07124466332297885,train
0.070542,195.035,2.8451,2.7739806758328225,0.07111932416717748,test
0.070542,197.132,2.8444,2.7731179355968187,0.07128206440318108,train
0.070542,199.229,2.8436,2.772266829266698,0.07133317073330181,train
0.070542,201.327,2.8431,2.771426682174831,0.07167331782516939,train
0.070542,203.424,2.842,2.770598027625206,0.07140197237479429,train
0.070542,205.521,2.8412,2.769780203965011,0.07141979603498916,test
0.070542,207.618,2.8403,2.768972961265281,0.07132703873471913,train
0.070542,209.715,2.8392,2.768176057814713,0.07102394218528696,train
0.070542,211.812,2.8388,2.767389259770501,0.07141074022949878,train
0.070542,213.91,2.838,2.766611972658147,0.07138802734185301,train
0.070542,216.007,2.8377,2.7658447182894705,0.07185528171052935,train
0.070542,218.104,2.8365,2.7650869116837944,0.07141308831620563,test
0.070542,220.201,2.8358,2.764338347330084,0.07146165266991567,train
0.070542,222.298,2.8351,2.763598826090692,0.07150117390930832,test
0.070542,224.395,2.8341,2.76286815494579,0.07123184505420976,train
0.070542,226.492,2.8338,2.7621461467503345,0.07165385324966556,train
0.070542,228.59,2.8331,2.7614322817371253,0.07166771826287466,train
0.070542,230.687,2.8324,2.7607270642789388,0.07167293572106104,test
0.070542,232.784,2.8314,2.760029981246144,0.07137001875385574,train
0.070542,234.881,2.8311,2.759340866790981,0.07175913320901905,train
0.070542,236.978,2.83,2.7586595598893715,0.07134044011062857,train
0.070542,239.075,2.8297,2.757985904159414,0.07171409584058575,train
0.070542,241.172,2.8293,2.7573197476882267,0.07198025231177319,train
0.070542,243.27,2.8281,2.7566606304320547,0.07143936956794539,train
0.070542,245.367,2.8275,2.7560090372008426,0.07149096279915756,train
0.070542,247.464,2.827,2.7553645126227253,0.07163548737727465,train
0.070542,249.561,2.8263,2.754726921082938,0.07157307891706166,train
0.070542,251.658,2.8255,2.754096130680282,0.0714038693197181,train
0.070542,253.755,2.8251,2.753472013095495,0.07162798690450511,train
0.070542,255.853,2.8243,2.7528541505063915,0.07144584949360855,train
0.070542,257.95,2.824,2.7522430103392397,0.07175698966076016,train
0.070542,260.047,2.8232,2.7516381782357544,0.07156182176424553,train
0.070542,262.144,2.823,2.7510395389995086,0.07196046100049136,test
0.070542,264.241,2.822,2.750446980437869,0.07155301956213123,train
0.070542,266.338,2.8215,2.7498603932605743,0.0716396067394256,train
0.070542,268.435,2.8212,2.7492796709825,0.07192032901750034,train
0.070542,270.533,2.8202,2.7487044370058213,0.07149556299417847,train
0.070542,272.63,2.8199,2.748135138504294,0.07176486149570627,train
0.070542,274.727,2.8196,2.7475714013173453,0.07202859868265454,train
0.070542,276.824,2.8185,2.747013129286151,0.07148687071384874,train
0.070542,278.921,2.8183,2.7464602286269355,0.0718397713730643,train
0.070542,281.018,2.8178,2.745912607854981,0.07188739214501894,train
0.070542,283.116,2.8173,2.745369920266295,0.07193007973370502,test
0.070542,285.213,2.8164,2.7448325960619737,0.07156740393802608,test
0.070542,287.31,2.8159,2.744300290328949,0.07159970967105123,test
0.070542,289.407,2.8157,2.7437729200772685,0.07192707992273162,test
0.070542,291.504,2.8152,2.7432504042780557,0.07194959572194426,train
0.070542,293.601,2.8146,2.7427326638034577,0.07186733619654229,train
0.070542,295.698,2.8142,2.742219621368845,0.07198037863115525,train
0.070542,297.796,2.8135,2.7417109601170004,0.07178903988299945,train
0.070542,299.893,2.8131,2.741207091157049,0.07189290884295074,train
0.162405,0.134,4.5235,4.535323524151599,-0.011823524151598264,train
0.162405,0.268,4.1397,4.154215595867572,-0.014515595867571562,train
0.162405,0.537,3.8226,3.8387538710880698,-0.01615387108806976,train
0.162405,1.074,3.5629,3.579033721319938,-0.016133721319937955,train
0.162405,2.097,3.3548,3.371341777712744,-0.01654177771274412,train
0.162405,4.194,3.1771,3.1930752419755417,-0.0159752419755419,train
0.162405,6.291,3.0883,3.103567757985439,-0.015267757985439001,train
0.162405,8.389,3.0304,3.0458513720221756,-0.015451372022175391,train
0.162405,10.486,2.9888,3.0041596153865093,-0.015359615386509429,test
0.162405,12.583,2.9568,2.9719511972206267,-0.015151197220626855,test
0.162405,14.68,2.9311,2.94595634504578,-0.014856345045780373,train
0.162405,16.777,2.9098,2.9243159365497453,-0.014515936549745145,test
0.162405,18.874,2.8916,2.905879032741007,-0.014279032741006947,train
0.162405,20.972,2.8757,2.889880114972219,-0.014180114972218938,train
0.162405,23.069,2.8619,2.8758100724485165,-0.013910072448516608,train
0.162405,25.166,2.8494,2.863284499938762,-0.013884499938761952,train
0.162405,27.263,2.8385,2.8520248637032446,-0.013524863703244794,test
0.162405,29.36,2.8281,2.8418196432130083,-0.013719643213008226,train
0.162405,31.457,2.8195,2.832504721277991,-0.013004721277990683,train
0.162405,33.554,2.8106,2.8239504026137614,-0.013350402613761414,train
0.162405,35.652,2.8025,2.8160489318149033,-0.013548931814903131,train
0.162405,37.749,2.7952,2.808723038770568,-0.013523038770568263,test
0.162405,39.846,2.7888,2.801898954766332,-0.01309895476633205,train
0.162405,41.943,2.7823,2.7955184877872985,-0.013218487787298283,test
0.162405,44.04,2.7766,2.789532689110642,-0.012932689110641604,train
0.162405,46.137,2.771,2.783900025329141,-0.01290002532914114,train
0.162405,48.234,2.7656,2.7785849767515884,-0.012984976751588384,train
0.162405,50.332,2.7605,2.773554615255166,-0.013054615255165825,test
0.162405,52.429,2.7557,2.7687872019514717,-0.013087201951471616,train
0.162405,54.526,2.7514,2.764257140626195,-0.01285714062619503,train
0.162405,56.623,2.7474,2.759944144905383,-0.012544144905383359,train
0.162405,58.72,2.7432,2.7558303338798336,-0.0126303338798337,train
0.162405,60.817,2.7391,2.751899872793583,-0.012799872793582967,train
0.162405,62.915,2.7356,2.748136922439463,-0.01253692243946336,train
0.162405,65.012,2.7321,2.7445324877894492,-0.012432487789449276,train
0.162405,67.109,2.7285,2.741073461726086,-0.012573461726085977,train
0.162405,69.206,2.7254,2.73774970194826,-0.012349701948259906,train
0.162405,71.303,2.7222,2.7345520541506017,-0.012352054150601699,train
0.162405,73.4,2.719,2.731472230024334,-0.012472230024334063,train
0.162405,75.497,2.7163,2.728502703324797,-0.012202703324796893,train
0.162405,77.595,2.7135,2.7256352778154938,-0.01213527781549395,train
0.162405,79.692,2.7109,2.7228664280981145,-0.011966428098114434,train
0.162405,81.789,2.7082,2.720189037570959,-0.011989037570959038,train
0.162405,83.886,2.7053,2.717597853819362,-0.012297853819362103,train
0.162405,85.983,2.7029,2.715088047917965,-0.012188047917964795,train
0.162405,88.08,2.7007,2.7126551709327877,-0.011955170932787862,test
0.162405,90.178,2.6984,2.7102940071190673,-0.011894007119067407,train
0.162405,92.275,2.6961,2.7080030072211843,-0.011903007221184314,train
0.162405,94.372,2.6945,2.7057775090222123,-0.01127750902221214,train
0.162405,96.469,2.6918,2.7036142454771173,-0.011814245477117069,train
0.162405,98.566,2.6898,2.701510179057047,-0.011710179057046854,train
0.162405,100.663,2.6878,2.6994624811451646,-0.011662481145164438,test
0.162405,102.76,2.6858,2.697468513667841,-0.01166851366784094,test
0.162405,104.858,2.6837,2.6955248981163704,-0.011824898116370441,train
0.162405,106.955,2.682,2.693631181912711,-0.011631181912711064,train
0.162405,109.052,2.68,2.691784268369684,-0.011784268369683826,train
0.162405,111.149,2.6783,2.689982133582089,-0.011682133582088916,train
0.162405,113.246,2.6765,2.688222877268734,-0.011722877268734333,train
0.162405,115.343,2.6749,2.6865047130966113,-0.011604713096611263,train
0.162405,117.441,2.6736,2.6848251685186235,-0.01122516851862354,train
0.162405,119.538,2.6713,2.68318426012307,-0.011884260123069978,train
0.162405,121.635,2.6702,2.681579684275729,-0.011379684275729218,test
0.162405,123.732,2.6683,2.6800100306188153,-0.01171003061881537,test
0.162405,125.829,2.6669,2.678473966273438,-0.011573966273437986,test
0.162405,127.926,2.6657,2.6769702303756233,-0.011270230375623136,train
0.162405,130.023,2.6641,2.6754976290800707,-0.011397629080070804,train
0.162405,132.121,2.6625,2.6740543500348615,-0.011554350034861383,train
0.162405,134.218,2.6611,2.672640695533819,-0.01154069553381909,train
0.162405,136.315,2.66,2.6712549518439443,-0.011254951843944205,train
0.162405,138.412,2.6584,2.6698961510777863,-0.011496151077786454,train
0.162405,140.509,2.6573,2.6685633729333045,-0.011263372933304261,train
0.162405,142.606,2.656,2.6672557416854,-0.0112557416854,test
0.162405,144.703,2.6546,2.665972423408709,-0.011372423408709142,train
0.162405,146.801,2.6538,2.6647120281361407,-0.010912028136140783,test
0.162405,148.898,2.6523,2.6634749992611644,-0.011174999261164498,train
0.162405,150.995,2.6507,2.6622600073167964,-0.011560007316796295,train
0.162405,153.092,2.6499,2.661066361758827,-0.011166361758826682,train
0.162405,155.189,2.6486,2.6598934027654995,-0.011293402765499394,test
0.162405,157.286,2.6477,2.6587404994773505,-0.01104049947735053,train
0.162405,159.384,2.6464,2.657606512396453,-0.011206512396453316,train
0.162405,161.481,2.6454,2.6564919445820454,-0.011091944582045432,train
0.162405,163.578,2.6444,2.6553956975905937,-0.0109956975905936,train
0.162405,165.675,2.6434,2.654317241131223,-0.01091724113122261,train
0.162405,167.772,2.642,2.6532560667281433,-0.011256066728143388,train
0.162405,169.869,2.6411,2.6522116865638172,-0.011111686563817447,test
0.162405,171.966,2.6401,2.6511836323968923,-0.011083632396892362,train
0.162405,174.064,2.6391,2.6501709755881087,-0.011070975588108656,test
0.162405,176.161,2.6385,2.649174249260218,-0.010674249260218094,train
0.162405,178.258,2.6373,2.648192551653533,-0.010892551653532756,train
0.162405,180.355,2.6361,2.647225483324748,-0.011125483324748053,train
0.162405,182.452,2.6355,2.646272659935087,-0.010772659935087248,train
0.162405,184.549,2.6347,2.6453337115133086,-0.010633711513308608,train
0.162405,186.647,2.6337,2.6444078436210647,-0.010707843621064583,train
0.162405,188.744,2.6324,2.6434955954697092,-0.011095595469709174,test
0.162405,190.841,2.6317,2.6425961916926983,-0.010896191692698398,train
0.162405,192.938,2.6311,2.641709313257247,-0.0106093132572469,train
0.162405,195.035,2.6299,2.6408346524130484,-0.010934652413048251,test
0.162405,197.132,2.6292,2.6399719121770446,-0.010771912177044651,test
0.162405,199.229,2.6284,2.639120805846924,-0.01072080584692392,train
0.162405,201.327,2.6274,2.6382806587550567,-0.010880658755056505,train
0.162405,203.424,2.6267,2.637452004205432,-0.010752004205432097,train
0.162405,205.521,2.6254,2.636634180545237,-0.01123418054523695,train
0.162405,207.618,2.6249,2.635826937845507,-0.010926937845507023,train
0.162405,209.715,2.6243,2.635030034394939,-0.010730034394939025,train
0.162405,211.812,2.6234,2.634243236350727,-0.010843236350726926,train
0.162405,213.91,2.623,2.633465949238373,-0.01046594923837274,train
0.162405,216.007,2.6218,2.6326986948696964,-0.010898694869696524,train
0.162405,218.104,2.6212,2.6319408882640203,-0.01074088826402031,train
0.162405,220.201,2.6206,2.63119232391031,-0.010592323910310064,train
0.162405,222.298,2.62,2.6304528026709177,-0.010452802670917638,train
0.162405,224.395,2.6189,2.629722131526016,-0.010822131526015966,train
0.162405,226.492,2.6186,2.6290001233305604,-0.010400123330560618,train
0.162405,228.59,2.6177,2.6282862583173507,-0.010586258317350605,train
0.162405,230.687,2.6169,2.627581040859164,-0.010681040859164437,test
0.162405,232.784,2.6164,2.62688395782637,-0.010483957826370016,train
0.162405,234.881,2.6157,2.626194843371207,-0.010494843371207097,train
0.162405,236.978,2.6149,2.6255135364695974,-0.010613536469597395,train
0.162405,239.075,2.6143,2.62483988073964,-0.010539880739639962,train
0.162405,241.172,2.6136,2.624173724268453,-0.010573724268453155,test
0.162405,243.27,2.613,2.6235146070122806,-0.010514607012280575,train
0.162405,245.367,2.6125,2.6228630137810685,-0.01036301378106863,train
0.162405,247.464,2.612,2.622218489202951,-0.010218489202951098,train
0.162405,249.561,2.6109,2.621580897663164,-0.010680897663164046,train
0.162405,251.658,2.6108,2.6209501072605077,-0.010150107260507912,test
0.162405,253.755,2.6096,2.6203259896757207,-0.010725989675720804,train
0.162405,255.853,2.6092,2.6197081270866174,-0.010508127086617414,train
0.162405,257.95,2.6088,2.6190969869194656,-0.010296986919465567,train
0.162405,260.047,2.6081,2.6184921548159803,-0.010392154815980437,test
0.162405,262.144,2.6074,2.617893515579734,-0.01049351557973388,test
0.162405,264.241,2.6069,2.6173009570180947,-0.010400957018094736,train
0.162405,266.338,2.6063,2.6167143698408,-0.01041436984080013,test
0.162405,268.435,2.6057,2.6161336475627257,-0.010433647562725579,train
0.162405,270.533,2.6053,2.6155584135860472,-0.010258413586047066,train
0.162405,272.63,2.6047,2.6149891150845193,-0.010289115084519462,train
0.162405,274.727,2.604,2.6144253778975712,-0.010425377897571142,train
0.162405,276.824,2.6037,2.613867105866377,-0.010167105866377035,train
0.162405,278.921,2.603,2.6133142052071614,-0.010314205207161198,train
0.162405,281.018,2.6026,2.6127665844352066,-0.010166584435206794,train
0.162405,283.116,2.602,2.612223896846521,-0.010223896846520919,train
0.162405,285.213,2.6013,2.6116865726421996,-0.010386572642199443,train
0.162405,287.31,2.6008,2.6111542669091747,-0.010354266909174736,train
0.162405,289.407,2.6005,2.6106268966574944,-0.010126896657494555,train
0.162405,291.504,2.5999,2.6101043808582816,-0.01020438085828168,test
0.162405,293.601,2.5993,2.609586640383683,-0.01028664038368321,test
0.162405,295.698,2.5989,2.6090735979490702,-0.010173597949070246,train
0.162405,297.796,2.5985,2.608564936697226,-0.010064936697225857,test
0.162405,299.893,2.5978,2.608061067737275,-0.010261067737275198,train
0.409009,0.134,4.3461,4.3961682493427405,-0.05006824934274068,test
0.409009,0.268,3.9625,4.015060321058713,-0.05256032105871311,train
0.409009,0.537,3.6458,3.6995985962792113,-0.05379859627921135,train
0.409009,1.074,3.3856,3.4398784465110794,-0.05427844651107927,train
0.409009,2.097,3.1777,3.232186502903885,-0.054486502903885015,test
0.409009,4.194,2.9999,3.0539199671666832,-0.05401996716668345,test
0.409009,6.291,2.9109,2.964412483176581,-0.05351248317658097,train
0.409009,8.389,2.8533,2.906696097213317,-0.05339609721331717,train
0.409009,10.486,2.8125,2.865004340577651,-0.052504340577650854,train
0.409009,12.583,2.7799,2.8327959224117683,-0.052895922411768215,train
0.409009,14.68,2.754,2.806801070236922,-0.052801070236922154,train
0.409009,16.777,2.733,2.7851606617408864,-0.052160661740886294,train
0.409009,18.874,2.7147,2.7667237579321484,-0.05202375793214831,test
0.409009,20.972,2.6988,2.7507248401633606,-0.05192484016336074,train
0.409009,23.069,2.6849,2.736654797639658,-0.05175479763965818,test
0.409009,25.166,2.6724,2.7241292251299036,-0.05172922512990352,train
0.409009,27.263,2.6611,2.712869588894386,-0.05176958889438632,train
0.409009,29.36,2.6512,2.70266436840415,-0.05146436840415003,train
0.409009,31.457,2.6418,2.6933494464691323,-0.0515494464691324,train
0.409009,33.554,2.6336,2.684795127804903,-0.051195127804902985,train
0.409009,35.652,2.6256,2.676893657006045,-0.051293657006044935,train
0.409009,37.749,2.6183,2.6695677639617097,-0.05126776396170962,train
0.409009,39.846,2.6116,2.6627436799574737,-0.0511436799574736,train
0.409009,41.943,2.6055,2.65636321297844,-0.050863212978439876,train
0.409009,44.04,2.5994,2.6503774143017833,-0.05097741430178315,train
0.409009,46.137,2.5938,2.6447447505202826,-0.05094475052028269,test
0.409009,48.234,2.5887,2.6394297019427295,-0.050729701942729744,train
0.409009,50.332,2.5837,2.6343993404463073,-0.05069934044630742,train
0.409009,52.429,2.5789,2.629631927142613,-0.05073192714261321,train
0.409009,54.526,2.5745,2.625101865817336,-0.050601865817335945,test
0.409009,56.623,2.5703,2.6207888700965247,-0.050488870096524696,train
0.409009,58.72,2.566,2.616675059070975,-0.05067505907097525,train
0.409009,60.817,2.5621,2.612744597984724,-0.05064459798472409,train
0.409009,62.915,2.5585,2.6089816476306047,-0.0504816476306047,test
0.409009,65.012,2.555,2.6053772129805908,-0.05037721298059061,train
0.409009,67.109,2.5517,2.6019181869172274,-0.05021818691722757,train
0.409009,69.206,2.5486,2.5985944271394015,-0.0499944271394015,train
0.409009,71.303,2.5454,2.595396779341743,-0.04999677934174329,test
0.409009,73.4,2.5422,2.5923169552154754,-0.050116955215475656,test
0.409009,75.497,2.5393,2.5893474285159384,-0.050047428515938464,test
0.409009,77.595,2.5363,2.5864800030066353,-0.050180003006635054,train
0.409009,79.692,2.5337,2.583711153289256,-0.05001115328925598,train
0.409009,81.789,2.531,2.5810337627621007,-0.050033762762100586,test
0.409009,83.886,2.5286,2.5784425790105034,-0.049842579010503485,train
0.409009,85.983,2.5259,2.5759327731091064,-0.050032773109106365,train
0.409009,88.08,2.5237,2.5734998961239293,-0.04979989612392943,train
0.409009,90.178,2.5215,2.571138732310209,-0.049638732310208766,train
0.409009,92.275,2.5191,2.568847732412326,-0.049747732412325885,train
0.409009,94.372,2.5169,2.566622234213354,-0.049722234213353644,test
0.409009,96.469,2.5148,2.564458970668259,-0.04965897066825864,train
0.409009,98.566,2.5126,2.5623549042481883,-0.0497549042481884,test
0.409009,100.663,2.5107,2.560307206336306,-0.04960720633630622,train
0.409009,102.76,2.5087,2.5583132388589824,-0.04961323885898228,train
0.409009,104.858,2.5068,2.556369623307512,-0.0495696233075118,train
0.409009,106.955,2.5048,2.5544759071038525,-0.04967590710385261,train
0.409009,109.052,2.5031,2.5526289935608255,-0.04952899356082563,train
0.409009,111.149,2.5014,2.5508268587732306,-0.04942685877323072,train
0.409009,113.246,2.4998,2.5490676024598757,-0.049267602459875715,train
0.409009,115.343,2.498,2.547349438287753,-0.04934943828775262,test
0.409009,117.441,2.4965,2.545669893709765,-0.04916989370976488,train
0.409009,119.538,2.4946,2.5440289853142115,-0.04942898531421136,train
0.409009,121.635,2.4932,2.5424244094668706,-0.04922440946687079,test
0.409009,123.732,2.4916,2.540854755809957,-0.04925475580995675,train
0.409009,125.829,2.4903,2.5393186914645796,-0.0490186914645796,train
0.409009,127.926,2.4884,2.537814955566765,-0.049414955566764895,test
0.409009,130.023,2.487,2.5363423542712122,-0.04934235427121214,train
0.409009,132.121,2.4856,2.534899075226003,-0.049299075226003186,train
0.409009,134.218,2.484,2.5334854207249604,-0.04948542072496043,test
0.409009,136.315,2.4829,2.532099677035086,-0.04919967703508599,test
0.409009,138.412,2.4815,2.530740876268928,-0.04924087626892781,train
0.409009,140.509,2.4803,2.529408098124446,-0.04910809812444583,train
0.409009,142.606,2.479,2.5281004668765417,-0.04910046687654157,train
0.409009,144.703,2.478,2.5268171485998505,-0.04881714859985031,train
0.409009,146.801,2.4766,2.5255567533272822,-0.04895675332728233,test
0.409009,148.898,2.4752,2.524319724452306,-0.049119724452305835,train
0.409009,150.995,2.474,2.523104732507938,-0.049104732507937676,train
0.409009,153.092,2.473,2.5219110869499684,-0.048911086949968485,train
0.409009,155.189,2.4716,2.520738127956641,-0.049138127956640965,test
0.409009,157.286,2.4708,2.519585224668492,-0.04878522466849189,train
0.409009,159.384,2.4696,2.5184512375875947,-0.04885123758759491,train
0.409009,161.481,2.4683,2.517336669773187,-0.04903666977318677,train
0.409009,163.578,2.4671,2.516240422781735,-0.04914042278173536,train
0.409009,165.675,2.4664,2.5151619663223643,-0.04876196632236418,train
0.409009,167.772,2.4652,2.514100791919285,-0.04890079191928498,test
0.409009,169.869,2.4644,2.5130564117549588,-0.04865641175495883,train
0.409009,171.966,2.463,2.5120283575880338,-0.0490283575880337,train
0.409009,174.064,2.4621,2.51101570077925,-0.048915700779250226,test
0.409009,176.161,2.4612,2.5100189744513597,-0.04881897445135985,test
0.409009,178.258,2.4603,2.5090372768446745,-0.048737276844674327,train
0.409009,180.355,2.4592,2.5080702085158895,-0.04887020851588941,train
0.409009,182.452,2.4584,2.5071173851262287,-0.048717385126228585,train
0.409009,184.549,2.4573,2.50617843670445,-0.048878436704450134,train
0.409009,186.647,2.4565,2.5052525688122063,-0.04875256881220613,train
0.409009,188.744,2.4557,2.5043403206608508,-0.048640320660850556,train
0.409009,190.841,2.4548,2.50344091688384,-0.04864091688383976,train
0.409009,192.938,2.454,2.5025540384483884,-0.04855403844838824,train
0.409009,195.035,2.4529,2.50167937760419,-0.04877937760418982,test
0.409009,197.132,2.452,2.500816637368186,-0.0488166373681862,train
0.409009,199.229,2.4515,2.4999655310380655,-0.04846553103806572,train
0.409009,201.327,2.4506,2.499125383946198,-0.0485253839461981,train
0.409009,203.424,2.4496,2.498296729396573,-0.04869672939657299,train
0.409009,205.521,2.4491,2.4974789057363784,-0.048378905736378375,train
0.409009,207.618,2.4481,2.4966716630366483,-0.04857166303664817,train
0.409009,209.715,2.4475,2.4958747595860804,-0.04837475958608062,train
0.409009,211.812,2.4466,2.4950879615418686,-0.04848796154186852,test
0.409009,213.91,2.446,2.4943106744295145,-0.04831067442951431,train
0.409009,216.007,2.4452,2.493543420060838,-0.04834342006083814,train
0.409009,218.104,2.4443,2.492785613455162,-0.04848561345516167,train
0.409009,220.201,2.4437,2.4920370491014516,-0.048337049101451424,train
0.409009,222.298,2.4429,2.4912975278620593,-0.04839752786205942,train
0.409009,224.395,2.4423,2.4905668567171575,-0.04826685671715758,train
0.409009,226.492,2.4413,2.489844848521702,-0.04854484852170193,train
0.409009,228.59,2.4408,2.4891309835084927,-0.04833098350849285,train
0.409009,230.687,2.4401,2.488425766050306,-0.04832576605030603,train
0.409009,232.784,2.4391,2.4877286830175116,-0.048628683017511776,train
0.409009,234.881,2.4385,2.4870395685623485,-0.048539568562348645,train
0.409009,236.978,2.4377,2.486358261660739,-0.048658261660738944,test
0.409009,239.075,2.4373,2.4856846059307816,-0.04838460593078153,test
0.409009,241.172,2.4368,2.485018449459594,-0.048218449459594304,train
0.409009,243.27,2.4362,2.484359332203422,-0.04815933220342217,test
0.409009,245.367,2.4354,2.48370773897221,-0.04830773897220997,train
0.409009,247.464,2.4349,2.4830632143940927,-0.04816321439409288,train
0.409009,249.561,2.434,2.4824256228543056,-0.048425622854305406,train
0.409009,251.658,2.4333,2.4817948324516492,-0.048494832451649206,train
0.409009,253.755,2.4329,2.4811707148668622,-0.048270714866862185,train
0.409009,255.853,2.4323,2.480552852277759,-0.04825285227775877,train
0.409009,257.95,2.4317,2.479941712110607,-0.048241712110606905,train
0.409009,260.047,2.4309,2.479336880007122,-0.048436880007121985,train
0.409009,262.144,2.4305,2.478738240770876,-0.04823824077087613,test
0.409009,264.241,2.4298,2.4781456822092363,-0.048345682209236074,train
0.409009,266.338,2.4294,2.4775590950319417,-0.048159095031941934,test
0.409009,268.435,2.4288,2.4769783727538672,-0.04817837275386738,train
0.409009,270.533,2.4281,2.4764031387771888,-0.048303138777188614,train
0.409009,272.63,2.4276,2.4758338402756612,-0.048233840275661244,train
0.409009,274.727,2.427,2.4752701030887128,-0.04827010308871271,train
0.409009,276.824,2.4266,2.4747118310575185,-0.04811183105751837,test
0.409009,278.921,2.4261,2.474158930398303,-0.048058930398303,train
0.409009,281.018,2.4254,2.4736113096263486,-0.048211309626348786,train
0.409009,283.116,2.425,2.4730686220376623,-0.04806862203766249,train
0.409009,285.213,2.4244,2.472531297833341,-0.04813129783334125,train
0.409009,287.31,2.4238,2.4719989921003163,-0.04819899210031631,train
0.409009,289.407,2.4234,2.471471621848636,-0.04807162184863589,test
0.409009,291.504,2.4228,2.470949106049423,-0.04814910604942302,train
0.409009,293.601,2.4223,2.470431365574825,-0.048131365574825224,train
0.409009,295.698,2.4217,2.469918323140212,-0.04821832314021224,train
0.409009,297.796,2.4216,2.469409661888368,-0.04780966188836766,test
0.409009,299.893,2.4209,2.4689057929284166,-0.04800579292841656,train
1.040867,0.134,4.2153,4.26382591164705,-0.04852591164705,train
1.040867,0.268,3.8315,3.8827179833630234,-0.0512179833630233,train
1.040867,0.537,3.5146,3.5672562585835212,-0.052656258583521076,train
1.040867,1.074,3.2545,3.3075361088153894,-0.05303610881538923,train
1.040867,2.097,3.0476,3.0998441652081956,-0.052244165208195525,train
1.040867,4.194,2.8697,2.921577629470993,-0.05187762947099328,train
1.040867,6.291,2.7802,2.8320701454808903,-0.05187014548089053,test
1.040867,8.389,2.723,2.774353759517627,-0.05135375951762722,train
1.040867,10.486,2.6816,2.732662002881961,-0.05106200288196083,train
1.040867,12.583,2.6501,2.700453584716078,-0.05035358471607809,train
1.040867,14.68,2.6239,2.6744587325412317,-0.05055873254123178,train
1.040867,16.777,2.6023,2.652818324045197,-0.05051832404519674,train
1.040867,18.874,2.5839,2.6343814202364584,-0.05048142023645852,train
1.040867,20.972,2.5679,2.6183825024676706,-0.05048250246767072,train
1.040867,23.069,2.5543,2.604312459943968,-0.05001245994396797,train
1.040867,25.166,2.5417,2.5917868874342136,-0.05008688743421352,train
1.040867,27.263,2.5305,2.580527251198696,-0.05002725119869611,train
1.040867,29.36,2.5205,2.5703220307084598,-0.049822030708459586,test
1.040867,31.457,2.5113,2.5610071087734423,-0.04970710877344242,train
1.040867,33.554,2.5032,2.552452790109213,-0.049252790109212796,train
1.040867,35.652,2.4953,2.544551319310355,-0.04925131931035498,train
1.040867,37.749,2.4879,2.5372254262660197,-0.04932542626601988,train
1.040867,39.846,2.4814,2.5304013422617837,-0.049001342261783876,train
1.040867,41.943,2.4749,2.52402087528275,-0.04912087528275011,train
1.040867,44.04,2.4688,2.5180350766060933,-0.049235076606093386,train
1.040867,46.137,2.4636,2.5124024128245925,-0.04880241282459252,train
1.040867,48.234,2.4582,2.50708736424704,-0.048887364247039766,train
1.040867,50.332,2.453,2.5020570027506173,-0.04905700275061742,train
1.040867,52.429,2.4485,2.497289589446923,-0.04878958944692302,train
1.040867,54.526,2.4439,2.4927595281216464,-0.04885952812164618,train
1.040867,56.623,2.4396,2.4884465324008347,-0.0488465324008347,test
1.040867,58.72,2.4358,2.484332721375285,-0.04853272137528508,train
1.040867,60.817,2.4321,2.4804022602890345,-0.04830226028903439,train
1.040867,62.915,2.4279,2.4766393099349147,-0.04873930993491449,train
1.040867,65.012,2.4246,2.4730348752849007,-0.04843487528490087,train
1.040867,67.109,2.4211,2.4695758492215374,-0.04847584922153736,train
1.040867,69.206,2.4178,2.4662520894437114,-0.048452089443711266,train
1.040867,71.303,2.4146,2.463054441646053,-0.04845444164605306,train
1.040867,73.4,2.4116,2.4599746175197854,-0.048374617519785446,test
1.040867,75.497,2.4088,2.4570050908202483,-0.048205090820248486,train
1.040867,77.595,2.4058,2.4541376653109452,-0.04833766531094508,train
1.040867,79.692,2.4032,2.451368815593566,-0.048168815593566006,train
1.040867,81.789,2.4006,2.4486914250664107,-0.04809142506641084,train
1.040867,83.886,2.398,2.4461002413148134,-0.048100241314813275,train
1.040867,85.983,2.3954,2.4435904354134164,-0.04819043541341639,test
1.040867,88.08,2.3931,2.4411575584282392,-0.04805755842823922,test
1.040867,90.178,2.3909,2.438796394614519,-0.047896394614519,train
1.040867,92.275,2.3886,2.4365053947166357,-0.04790539471663591,train
1.040867,94.372,2.3863,2.4342798965176637,-0.04797989651766388,train
1.040867,96.469,2.3842,2.4321166329725687,-0.04791663297256887,train
1.040867,98.566,2.3822,2.4300125665524983,-0.047812566552498215,train
1.040867,100.663,2.38,2.427964868640616,-0.04796486864061622,train
1.040867,102.76,2.3782,2.4259709011632924,-0.0477709011632923,test
1.040867,104.858,2.3762,2.424027285611822,-0.047827285611822035,train
1.040867,106.955,2.3745,2.4221335694081625,-0.04763356940816266,train
1.040867,109.052,2.3725,2.4202866558651355,-0.04778665586513542,train
1.040867,111.149,2.3706,2.4184845210775405,-0.04788452107754049,train
1.040867,113.246,2.3689,2.4167252647641857,-0.04782526476418569,train
1.040867,115.343,2.3674,2.415007100592063,-0.047607100592062856,train
1.040867,117.441,2.3658,2.413327556014075,-0.04752755601407488,train
1.040867,119.538,2.364,2.4116866476185215,-0.047686647618521594,train
1.040867,121.635,2.3626,2.4100820717711806,-0.04748207177118058,train
1.040867,123.732,2.3608,2.4085124181142668,-0.04771241811426696,train
1.040867,125.829,2.3595,2.4069763537688895,-0.04747635376888937,train
1.040867,127.926,2.3579,2.405472617871075,-0.04757261787107492,train
1.040867,130.023,2.3565,2.404000016575522,-0.047500016575522164,test
1.040867,132.121,2.3552,2.402556737530313,-0.047356737530313,train
1.040867,134.218,2.3537,2.4011430830292704,-0.04744308302927047,train
1.040867,136.315,2.3524,2.399757339339396,-0.04735733933939601,train
1.040867,138.412,2.3512,2.398398538573238,-0.04719853857323786,train
1.040867,140.509,2.3497,2.397065760428756,-0.047365760428756065,train
1.040867,142.606,2.3485,2.3957581291808516,-0.047258129180851594,train
1.040867,144.703,2.3471,2.3944748109041605,-0.04737481090416029,test
1.040867,146.801,2.346,2.393214415631592,-0.04721441563159212,train
1.040867,148.898,2.3449,2.391977386756616,-0.04707738675661588,train
1.040867,150.995,2.3433,2.390762394812248,-0.04746239481224768,train
1.040867,153.092,2.3423,2.3895687492542783,-0.047268749254278486,train
1.040867,155.189,2.3413,2.388395790260951,-0.04709579026095101,train
1.040867,157.286,2.3401,2.387242886972802,-0.04714288697280189,test
1.040867,159.384,2.339,2.3861088998919047,-0.0471088998919047,train
1.040867,161.481,2.3378,2.384994332077497,-0.04719433207749679,train
1.040867,163.578,2.3368,2.383898085086045,-0.04709808508604496,test
1.040867,165.675,2.3357,2.3828196286266743,-0.04711962862667418,test
1.040867,167.772,2.3348,2.381758454223595,-0.04695845422359479,train
1.040867,169.869,2.3337,2.3807140740592687,-0.04701407405926883,train
1.040867,171.966,2.3327,2.3796860198923437,-0.046986019892343744,train
1.040867,174.064,2.3316,2.37867336308356,-0.04707336308356025,train
1.040867,176.161,2.3306,2.3776766367556696,-0.04707663675566964,train
1.040867,178.258,2.3297,2.3766949391489844,-0.04699493914898456,train
1.040867,180.355,2.3288,2.3757278708201994,-0.046927870820199225,train
1.040867,182.452,2.3278,2.3747750474305387,-0.04697504743053882,train
1.040867,184.549,2.3269,2.37383609900876,-0.046936099008759946,train
1.040867,186.647,2.3262,2.372910231116516,-0.04671023111651618,train
1.040867,188.744,2.3252,2.3719979829651607,-0.04679798296516058,train
1.040867,190.841,2.3242,2.37109857918815,-0.04689857918814999,train
1.040867,192.938,2.3235,2.3702117007526984,-0.04671170075269826,train
1.040867,195.035,2.3225,2.3693370399085,-0.04683703990850008,train
1.040867,197.132,2.3215,2.368474299672496,-0.04697429967249622,test
1.040867,199.229,2.3207,2.3676231933423755,-0.04692319334237549,test
1.040867,201.327,2.3198,2.366783046250508,-0.04698304625050831,train
1.040867,203.424,2.3191,2.3659543917008836,-0.04685439170088346,test
1.040867,205.521,2.3184,2.3651365680406884,-0.046736568040688375,train
1.040867,207.618,2.3178,2.3643293253409583,-0.046529325340958216,train
1.040867,209.715,2.3168,2.3635324218903904,-0.046732421890390174,train
1.040867,211.812,2.316,2.3627456238461786,-0.04674562384617875,test
1.040867,213.91,2.3153,2.3619683367338244,-0.04666833673382431,train
1.040867,216.007,2.3143,2.361201082365148,-0.04690108236514812,train
1.040867,218.104,2.3138,2.3604432757594718,-0.04664327575947169,train
1.040867,220.201,2.3131,2.3596947114057616,-0.04659471140576166,train
1.040867,222.298,2.3122,2.3589551901663692,-0.04675519016636942,train
1.040867,224.395,2.3117,2.3582245190214675,-0.04652451902146737,test
1.040867,226.492,2.3109,2.357502510826012,-0.046602510826011745,test
1.040867,228.59,2.3101,2.3567886458128022,-0.04668864581280241,train
1.040867,230.687,2.3096,2.3560834283546157,-0.04648342835461561,test
1.040867,232.784,2.309,2.3553863453218216,-0.0463863453218214,train
1.040867,234.881,2.3081,2.3546972308666585,-0.04659723086665846,train
1.040867,236.978,2.3075,2.354015923965049,-0.04651592396504878,test
1.040867,239.075,2.3068,2.3533422682350915,-0.046542268235091555,train
1.040867,241.172,2.3061,2.3526761117639046,-0.04657611176390475,train
1.040867,243.27,2.3056,2.352016994507732,-0.04641699450773196,test
1.040867,245.367,2.3048,2.35136540127652,-0.04656540127651976,test
1.040867,247.464,2.3042,2.3507208766984027,-0.04652087669840288,train
1.040867,249.561,2.3036,2.3500832851586155,-0.04648328515861566,train
1.040867,251.658,2.303,2.349452494755959,-0.04645249475595925,train
1.040867,253.755,2.3024,2.348828377171172,-0.04642837717117221,train
1.040867,255.853,2.3019,2.348210514582069,-0.04631051458206903,test
1.040867,257.95,2.3011,2.347599374414917,-0.04649937441491714,test
1.040867,260.047,2.3005,2.346994542311432,-0.0464945423114318,train
1.040867,262.144,2.2999,2.3463959030751855,-0.046495903075185474,train
1.040867,264.241,2.2994,2.345803344513546,-0.04640334451354633,train
1.040867,266.338,2.2989,2.3452167573362517,-0.04631675733625151,train
1.040867,268.435,2.2983,2.344636035058177,-0.046336035058177405,test
1.040867,270.533,2.2976,2.3440608010814987,-0.04646080108149864,train
1.040867,272.63,2.2972,2.3434915025799707,-0.04629150257997061,train
1.040867,274.727,2.2967,2.3429277653930227,-0.04622776539302276,train
1.040867,276.824,2.2961,2.3423694933618284,-0.046269493361828395,train
1.040867,278.921,2.2957,2.341816592702613,-0.04611659270261281,train
1.040867,281.018,2.2949,2.341268971930658,-0.04636897193065792,test
1.040867,283.116,2.2943,2.3407262843419723,-0.04642628434197249,train
1.040867,285.213,2.2937,2.340188960137651,-0.04648896013765125,train
1.040867,287.31,2.2935,2.3396566544046262,-0.04615665440462635,train
1.040867,289.407,2.2929,2.339129284152946,-0.046229284152945915,train
1.040867,291.504,2.2923,2.338606768353733,-0.04630676835373304,test
1.040867,293.601,2.2919,2.3380890278791346,-0.04618902787913459,train
1.040867,295.698,2.2912,2.3375759854445217,-0.04637598544452182,train
1.040867,297.796,2.2911,2.3370673241926774,-0.04596732419267724,train
1.040867,299.893,2.2904,2.3365634552327266,-0.04616345523272658,train
1.416184,0.134,4.1816,4.22196126044174,-0.040361260441739155,test
1.416184,0.268,3.7976,3.840853332157713,-0.043253332157712876,train
1.416184,0.537,3.4805,3.525391607378211,-0.04489160737821063,train
1.416184,1.074,3.22,3.265671457610079,-0.045671457610078736,test
1.416184,2.097,3.0125,3.057979514002885,-0.04547951400288497,train
1.416184,4.194,2.8347,2.8797129782656827,-0.04501297826568251,train
1.416184,6.291,2.7458,2.79020549427558,-0.04440549427557983,train
1.416184,8.389,2.6879,2.7324891083123166,-0.04458910831231666,train
1.416184,10.486,2.6471,2.6907973516766504,-0.04369735167665034,test
1.416184,12.583,2.6148,2.6585889335107677,-0.04378893351076796,train
1.416184,14.68,2.589,2.632594081335921,-0.04359408133592124,train
1.416184,16.777,2.5674,2.6109536728398863,-0.043553672839886204,train
1.416184,18.874,2.5491,2.592516769031148,-0.04341676903114777,train
1.416184,20.972,2.5336,2.57651785126236,-0.04291785126236025,train
1.416184,23.069,2.5196,2.5624478087386575,-0.042847808738657456,train
1.416184,25.166,2.507,2.549922236228903,-0.04292223622890301,train
1.416184,27.263,2.4958,2.5386625999933856,-0.0428625999933856,train
1.416184,29.36,2.4859,2.5284573795031493,-0.042557379503149306,test
1.416184,31.457,2.4769,2.519142457568132,-0.04224245756813172,train
1.416184,33.554,2.4682,2.5105881389039024,-0.04238813890390247,train
1.416184,35.652,2.4602,2.5026866681050444,-0.04248666810504442,train
1.416184,37.749,2.4532,2.495360775060709,-0.042160775060709366,train
1.416184,39.846,2.4464,2.4885366910564732,-0.04213669105647311,train
1.416184,41.943,2.4398,2.4821562240774395,-0.04235622407743955,train
1.416184,44.04,2.4342,2.476170425400783,-0.04197042540078266,train
1.416184,46.137,2.4287,2.470537761619282,-0.04183776161928199,train
1.416184,48.234,2.4235,2.4652227130417295,-0.041722713041729254,train
1.416184,50.332,2.4187,2.460192351545307,-0.04149235154530695,test
1.416184,52.429,2.4139,2.4554249382416127,-0.04152493824161274,train
1.416184,54.526,2.4093,2.450894876916336,-0.0415948769163359,train
1.416184,56.623,2.4049,2.446581881195524,-0.041681881195524184,train
1.416184,58.72,2.4013,2.4424680701699746,-0.04116807016997459,train
1.416184,60.817,2.3971,2.438537609083724,-0.04143760908372407,test
1.416184,62.915,2.3934,2.434774658729604,-0.041374658729604,train
1.416184,65.012,2.3898,2.4311702240795903,-0.04137022407959012,test
1.416184,67.109,2.3865,2.427711198016227,-0.04121119801622708,train
1.416184,69.206,2.3831,2.424387438238401,-0.04128743823840075,train
1.416184,71.303,2.3799,2.4211897904407427,-0.041289790440742546,train
1.416184,73.4,2.3769,2.418109966314475,-0.04120996631447493,train
1.416184,75.497,2.374,2.415140439614938,-0.04114043961493774,train
1.416184,77.595,2.3712,2.4122730141056348,-0.0410730141056348,train
1.416184,79.692,2.3684,2.4095041643882555,-0.041104164388255704,train
1.416184,81.789,2.3659,2.4068267738611,-0.04092677386110033,train
1.416184,83.886,2.3633,2.404235590109503,-0.04093559010950276,train
1.416184,85.983,2.361,2.401725784208106,-0.040725784208105686,train
1.416184,88.08,2.3581,2.3992929072229288,-0.0411929072229289,train
1.416184,90.178,2.3562,2.3969317434092083,-0.04073174340920849,test
1.416184,92.275,2.354,2.3946407435113253,-0.040640743511325184,train
1.416184,94.372,2.3514,2.3924152453123533,-0.04101524531235334,test
1.416184,96.469,2.3495,2.3902519817672583,-0.04075198176725836,train
1.416184,98.566,2.3474,2.388147915347188,-0.04074791534718791,train
1.416184,100.663,2.3453,2.3861002174353056,-0.04080021743530571,train
1.416184,102.76,2.3434,2.384106249957982,-0.040706249957982,train
1.416184,104.858,2.3414,2.3821626344065114,-0.04076263440651129,train
1.416184,106.955,2.3399,2.380268918202852,-0.04036891820285193,train
1.416184,109.052,2.338,2.378422004659825,-0.04042200465982493,test
1.416184,111.149,2.3362,2.37661986987223,-0.04041986987223023,train
1.416184,113.246,2.3345,2.3748606135588752,-0.040360613558875436,train
1.416184,115.343,2.3326,2.3731424493867523,-0.040542449386752555,train
1.416184,117.441,2.331,2.3714629048087645,-0.04046290480876458,train
1.416184,119.538,2.3295,2.369821996413211,-0.0403219964132111,train
1.416184,121.635,2.3277,2.36821742056587,-0.040517420565870044,test
1.416184,123.732,2.3264,2.3666477669089563,-0.04024776690895626,test
1.416184,125.829,2.3248,2.365111702563579,-0.040311702563578855,train
1.416184,127.926,2.3233,2.3636079666657643,-0.040307966665764194,test
1.416184,130.023,2.3219,2.3621353653702117,-0.040235365370211884,train
1.416184,132.121,2.3205,2.3606920863250025,-0.040192086325002485,test
1.416184,134.218,2.319,2.35927843182396,-0.04027843182395996,train
1.416184,136.315,2.3178,2.3578926881340854,-0.040092688134085286,train
1.416184,138.412,2.3162,2.3565338873679273,-0.040333887367927534,train
1.416184,140.509,2.3151,2.3552011092234455,-0.04010110922344534,train
1.416184,142.606,2.3138,2.353893477975541,-0.04009347797554108,train
1.416184,144.703,2.3125,2.35261015969885,-0.04011015969885001,train
1.416184,146.801,2.3113,2.3513497644262817,-0.04004976442628161,test
1.416184,148.898,2.3099,2.3501127355513054,-0.040212735551305556,train
1.416184,150.995,2.3089,2.3488977436069374,-0.03999774360693742,train
1.416184,153.092,2.3077,2.347704098048968,-0.04000409804896776,train
1.416184,155.189,2.3065,2.3465311390556405,-0.040031139055640264,test
1.416184,157.286,2.3055,2.3453782357674915,-0.03987823576749161,train
1.416184,159.384,2.3042,2.344244248686594,-0.0400442486865944,train
1.416184,161.481,2.303,2.3431296808721864,-0.04012968087218649,test
1.416184,163.578,2.3019,2.3420334338807347,-0.04013343388073487,train
1.416184,165.675,2.3011,2.340954977421364,-0.0398549774213639,test
1.416184,167.772,2.2999,2.3398938030182843,-0.03999380301828426,train
1.416184,169.869,2.2991,2.3388494228539582,-0.039749422853958105,train
1.416184,171.966,2.2978,2.3378213686870333,-0.04002136868703321,train
1.416184,174.064,2.2971,2.3368087118782497,-0.03970871187824976,train
1.416184,176.161,2.296,2.335811985550359,-0.03981198555035936,test
1.416184,178.258,2.295,2.334830287943674,-0.03983028794367405,train
1.416184,180.355,2.294,2.333863219614889,-0.03986321961488892,train
1.416184,182.452,2.2932,2.3329103962252282,-0.039710396225228095,test
1.416184,184.549,2.2922,2.3319714478034497,-0.03977144780344988,test
1.416184,186.647,2.2914,2.3310455799112058,-0.039645579911205875,train
1.416184,188.744,2.2904,2.3301333317598503,-0.03973333175985028,train
1.416184,190.841,2.2895,2.3292339279828393,-0.03973392798283948,train
1.416184,192.938,2.2886,2.328347049547388,-0.039747049547387725,train
1.416184,195.035,2.2878,2.3274723887031894,-0.039672388703189565,train
1.416184,197.132,2.287,2.3266096484671857,-0.03960964846718573,train
1.416184,199.229,2.286,2.325758542137065,-0.03975854213706498,train
1.416184,201.327,2.2852,2.3249183950451977,-0.039718395045197585,train
1.416184,203.424,2.2845,2.324089740495573,-0.03958974049557318,train
1.416184,205.521,2.2837,2.323271916835378,-0.03957191683537786,train
1.416184,207.618,2.2829,2.322464674135648,-0.03956467413564768,train
1.416184,209.715,2.2821,2.32166777068508,-0.039567770685080106,train
1.416184,211.812,2.2814,2.320880972640868,-0.03948097264086803,train
1.416184,213.91,2.2805,2.320103685528514,-0.03960368552851401,test
1.416184,216.007,2.2797,2.3193364311598375,-0.03963643115983739,train
1.416184,218.104,2.2791,2.3185786245541613,-0.03947862455416118,train
1.416184,220.201,2.2782,2.317830060200451,-0.03963006020045112,train
1.416184,222.298,2.2776,2.3170905389610588,-0.0394905389610587,train
1.416184,224.395,2.2767,2.316359867816157,-0.039659867816157046,train
1.416184,226.492,2.2763,2.3156378596207015,-0.039337859620701465,train
1.416184,228.59,2.2755,2.3149239946074918,-0.039423994607491686,test
1.416184,230.687,2.2748,2.3142187771493052,-0.039418777149305306,train
1.416184,232.784,2.2742,2.313521694116511,-0.0393216941165111,train
1.416184,234.881,2.2736,2.312832579661348,-0.039232579661347966,train
1.416184,236.978,2.2728,2.3121512727597384,-0.039351272759738265,test
1.416184,239.075,2.2719,2.311477617029781,-0.03957761702978102,train
1.416184,241.172,2.2713,2.310811460558594,-0.039511460558594,train
1.416184,243.27,2.2707,2.3101523433024216,-0.03945234330242142,train
1.416184,245.367,2.2702,2.3095007500712095,-0.03930075007120948,train
1.416184,247.464,2.2696,2.308856225493092,-0.039256225493092156,train
1.416184,249.561,2.2688,2.308218633953305,-0.039418633953304916,train
1.416184,251.658,2.2683,2.3075878435506487,-0.03928784355064874,train
1.416184,253.755,2.2676,2.3069637259658617,-0.03936372596586191,train
1.416184,255.853,2.267,2.3063458633767584,-0.039345863376758494,test
1.416184,257.95,2.2663,2.3057347232096066,-0.03943472320960639,train
1.416184,260.047,2.2658,2.3051298911061213,-0.039329891106121284,train
1.416184,262.144,2.2652,2.304531251869875,-0.03933125186987496,train
1.416184,264.241,2.2646,2.3039386933082358,-0.039338693308235584,test
1.416184,266.338,2.2642,2.303352106130941,-0.039152106130941,train
1.416184,268.435,2.2635,2.3027713838528667,-0.03927138385286666,train
1.416184,270.533,2.2632,2.3021961498761883,-0.03899614987618838,test
1.416184,272.63,2.2625,2.3016268513746603,-0.0391268513746601,train
1.416184,274.727,2.2619,2.3010631141877123,-0.039163114187712456,test
1.416184,276.824,2.2613,2.300504842156518,-0.039204842156518094,test
1.416184,278.921,2.2609,2.2999519414973024,-0.03905194149730251,train
1.416184,281.018,2.2602,2.2994043207253476,-0.03920432072534741,train
1.416184,283.116,2.2597,2.298861633136662,-0.039161633136661766,train
1.416184,285.213,2.2594,2.2983243089323406,-0.03892430893234078,train
1.416184,287.31,2.2587,2.2977920031993158,-0.039092003199315606,train
1.416184,289.407,2.2583,2.2972646329476354,-0.03896463294763519,train
1.416184,291.504,2.2576,2.2967421171484226,-0.03914211714842253,train
1.416184,293.601,2.2571,2.296224376673824,-0.03912437667382429,train
1.416184,295.698,2.2568,2.2957113342392113,-0.038911334239211115,train
1.416184,297.796,2.2561,2.295202672987367,-0.039102672987366915,train
1.416184,299.893,2.2558,2.294698804027416,-0.0388988040274163,train
2.782831,0.134,4.1162,4.133050530859061,-0.01685053085906052,train
2.782831,0.268,3.7324,3.751942602575033,-0.01954260257503293,train
2.782831,0.537,3.4164,3.436480877795531,-0.020080877795531027,test
2.782831,1.074,3.1558,3.176760728027399,-0.0209607280273989,test
2.782831,2.097,2.9476,2.9690687844202053,-0.021468784420205278,test
2.782831,4.194,2.7702,2.790802248683003,-0.020602248683002866,train
2.782831,6.291,2.6811,2.7012947646929,-0.020194764692900158,test
2.782831,8.389,2.6238,2.6435783787296367,-0.019778378729636614,train
2.782831,10.486,2.5824,2.6018866220939705,-0.019486622093970674,test
2.782831,12.583,2.5504,2.569678203928088,-0.0192782039280881,train
2.782831,14.68,2.5246,2.5436833517532413,-0.019083351753241384,train
2.782831,16.777,2.503,2.5220429432572065,-0.019042943257206346,train
2.782831,18.874,2.4846,2.503606039448468,-0.019006039448468126,train
2.782831,20.972,2.469,2.4876071216796802,-0.018607121679680372,train
2.782831,23.069,2.455,2.4735370791559776,-0.018537079155977576,train
2.782831,25.166,2.4427,2.4610115066462233,-0.018311506646223386,train
2.782831,27.263,2.4313,2.4497518704107057,-0.01845187041070595,train
2.782831,29.36,2.4212,2.4395466499204694,-0.018346649920469638,train
2.782831,31.457,2.4123,2.430231727985452,-0.01793172798545184,train
2.782831,33.554,2.4037,2.4216774093212226,-0.017977409321222382,train
2.782831,35.652,2.396,2.4137759385223645,-0.017775938522364587,train
2.782831,37.749,2.3887,2.4064500454780293,-0.017750045478029275,test
2.782831,39.846,2.3819,2.3996259614737934,-0.01772596147379346,train
2.782831,41.943,2.3757,2.3932454944947597,-0.017545494494759506,train
2.782831,44.04,2.3697,2.387259695818103,-0.017559695818103016,train
2.782831,46.137,2.3642,2.381627032036602,-0.01742703203660234,test
2.782831,48.234,2.3589,2.3763119834590496,-0.017411983459049374,train
2.782831,50.332,2.3539,2.371281621962627,-0.017381621962627047,train
2.782831,52.429,2.3492,2.366514208658933,-0.01731420865893263,train
2.782831,54.526,2.3448,2.361984147333656,-0.017184147333655808,train
2.782831,56.623,2.3405,2.3576711516128444,-0.017171151612844326,train
2.782831,58.72,2.3366,2.3535573405872947,-0.016957340587294922,train
2.782831,60.817,2.3325,2.349626879501044,-0.01712687950104419,train
2.782831,62.915,2.3288,2.3458639291469243,-0.017063929146924117,train
2.782831,65.012,2.3253,2.3422594944969104,-0.016959494496910477,train
2.782831,67.109,2.3221,2.338800468433547,-0.016700468433547222,train
2.782831,69.206,2.3186,2.335476708655721,-0.016876708655721107,train
2.782831,71.303,2.3156,2.332279060858063,-0.016679060858062922,train
2.782831,73.4,2.3123,2.329199236731795,-0.016899236731795053,train
2.782831,75.497,2.3095,2.326229710032258,-0.016729710032258094,train
2.782831,77.595,2.3068,2.323362284522955,-0.01656228452295494,train
2.782831,79.692,2.304,2.3205934348055757,-0.016593434805575846,train
2.782831,81.789,2.3014,2.3179160442784204,-0.01651604427842024,train
2.782831,83.886,2.2987,2.315324860526823,-0.016624860526822882,train
2.782831,85.983,2.2964,2.312815054625426,-0.016415054625425807,train
2.782831,88.08,2.2941,2.310382177640249,-0.016282177640249085,train
2.782831,90.178,2.2915,2.3080210138265285,-0.016521013826528375,train
2.782831,92.275,2.2893,2.3057300139286454,-0.016430013928645515,train
2.782831,94.372,2.2873,2.3035045157296734,-0.016204515729673297,train
2.782831,96.469,2.2851,2.3013412521845784,-0.016241252184578503,train
2.782831,98.566,2.2829,2.299237185764508,-0.016337185764507822,train
2.782831,100.663,2.2809,2.2971894878526258,-0.01628948785262585,test
2.782831,102.76,2.2789,2.295195520375302,-0.01629552037530191,train
2.782831,104.858,2.2769,2.2932519048238316,-0.016351904823831642,test
2.782831,106.955,2.2751,2.291358188620172,-0.01625818862017203,train
2.782831,109.052,2.2733,2.289511275077145,-0.01621127507714526,train
2.782831,111.149,2.2715,2.28770914028955,-0.016209140289550117,train
2.782831,113.246,2.2698,2.2859498839761954,-0.016149883976195323,train
2.782831,115.343,2.2682,2.2842317198040725,-0.016031719804072253,train
2.782831,117.441,2.2666,2.2825521752260847,-0.01595217522608472,train
2.782831,119.538,2.2648,2.280911266830531,-0.01611126683053099,train
2.782831,121.635,2.2634,2.2793066909831903,-0.01590669098319042,train
2.782831,123.732,2.2617,2.2777370373262764,-0.016037037326276593,train
2.782831,125.829,2.2603,2.276200972980899,-0.01590097298089921,train
2.782831,127.926,2.2588,2.2746972370830845,-0.015897237083084548,train
2.782831,130.023,2.2572,2.273224635787532,-0.01602463578753177,train
2.782831,132.121,2.2559,2.2717813567423226,-0.015881356742322605,train
2.782831,134.218,2.2545,2.27036770224128,-0.01586770224127987,train
2.782831,136.315,2.2532,2.2689819585514055,-0.015781958551405406,test
2.782831,138.412,2.2518,2.2676231577852475,-0.015823157785247677,train
2.782831,140.509,2.2507,2.2662903796407656,-0.015590379640765484,train
2.782831,142.606,2.2492,2.2649827483928613,-0.0157827483928612,train
2.782831,144.703,2.2479,2.26369943011617,-0.015799430116170132,train
2.782831,146.801,2.2467,2.262439034843602,-0.01573903484360173,train
2.782831,148.898,2.2455,2.2612020059686255,-0.0157020059686257,train
2.782831,150.995,2.2443,2.2599870140242575,-0.01568701402425754,train
2.782831,153.092,2.2432,2.258793368466288,-0.015593368466288116,train
2.782831,155.189,2.2421,2.2576204094729606,-0.015520409472960406,train
2.782831,157.286,2.2408,2.2564675061848116,-0.015667506184811497,test
2.782831,159.384,2.2397,2.2553335191039143,-0.015633519103914306,train
2.782831,161.481,2.2387,2.2542189512895066,-0.015518951289506422,train
2.782831,163.578,2.2375,2.253122704298055,-0.015622704298055012,test
2.782831,165.675,2.2366,2.252044247838684,-0.015444247838683811,test
2.782831,167.772,2.2355,2.2509830734356044,-0.0154830734356044,train
2.782831,169.869,2.2343,2.2499386932712784,-0.015638693271278203,train
2.782831,171.966,2.2336,2.2489106391043534,-0.015310639104353374,train
2.782831,174.064,2.2326,2.24789798229557,-0.015297982295569668,train
2.782831,176.161,2.2314,2.2469012559676793,-0.015501255967679484,test
2.782831,178.258,2.2305,2.245919558360994,-0.015419558360993957,train
2.782831,180.355,2.2296,2.244952490032209,-0.015352490032209065,train
2.782831,182.452,2.2286,2.2439996666425484,-0.015399666642548215,test
2.782831,184.549,2.2277,2.24306071822077,-0.015360718220769787,train
2.782831,186.647,2.2269,2.242134850328526,-0.015234850328525784,train
2.782831,188.744,2.2259,2.2412226021771704,-0.015322602177170186,train
2.782831,190.841,2.2249,2.2403231984001595,-0.015423198400159599,train
2.782831,192.938,2.224,2.239436319964708,-0.015436319964707845,train
2.782831,195.035,2.2232,2.2385616591205095,-0.015361659120509685,train
2.782831,197.132,2.2224,2.237698918884506,-0.015298918884505852,train
2.782831,199.229,2.2217,2.236847812554385,-0.015147812554385354,train
2.782831,201.327,2.2207,2.236007665462518,-0.015307665462517939,train
2.782831,203.424,2.22,2.2351790109128933,-0.015179010912893087,train
2.782831,205.521,2.2191,2.234361187252698,-0.015261187252697983,train
2.782831,207.618,2.2184,2.233553944552968,-0.015153944552968035,train
2.782831,209.715,2.2178,2.2327570411024,-0.014957041102400037,train
2.782831,211.812,2.2168,2.2319702430581883,-0.015170243058188149,test
2.782831,213.91,2.216,2.231192955945834,-0.01519295594583392,train
2.782831,216.007,2.2154,2.2304257015771576,-0.015025701577157768,train
2.782831,218.104,2.2146,2.2296678949714814,-0.015067894971481532,test
2.782831,220.201,2.214,2.2289193306177713,-0.014919330617771287,test
2.782831,222.298,2.2131,2.228179809378379,-0.01507980937837905,train
2.782831,224.395,2.2123,2.227449138233477,-0.015149138233477188,train
2.782831,226.492,2.2117,2.2267271300380216,-0.015027130038021586,test
2.782831,228.59,2.211,2.226013265024812,-0.01501326502481204,train
2.782831,230.687,2.2103,2.2253080475666254,-0.015008047566625216,train
2.782831,232.784,2.2096,2.2246109645338312,-0.015010964533831217,test
2.782831,234.881,2.209,2.223921850078668,-0.014921850078668086,test
2.782831,236.978,2.2083,2.2232405431770585,-0.014940543177058618,train
2.782831,239.075,2.2077,2.222566887447101,-0.014866887447101185,train
2.782831,241.172,2.207,2.2219007309759142,-0.014900730975914378,train
2.782831,243.27,2.2063,2.2212416137197417,-0.014941613719741564,train
2.782831,245.367,2.2056,2.2205900204885296,-0.014990020488529598,train
2.782831,247.464,2.2051,2.2199454959104123,-0.01484549591041251,train
2.782831,249.561,2.2043,2.219307904370625,-0.015007904370625269,train
2.782831,251.658,2.2038,2.218677113967969,-0.014877113967968647,test
2.782831,253.755,2.2031,2.218052996383182,-0.014952996383181816,train
2.782831,255.853,2.2025,2.2174351337940785,-0.014935133794078403,train
2.782831,257.95,2.202,2.2168239936269267,-0.014823993626926768,test
2.782831,260.047,2.2014,2.2162191615234414,-0.014819161523441426,train
2.782831,262.144,2.2008,2.215620522287195,-0.014820522287195104,train
2.782831,264.241,2.2001,2.215027963725556,-0.014927963725555937,train
2.782831,266.338,2.1997,2.2144413765482613,-0.014741376548261353,train
2.782831,268.435,2.1991,2.213860654270187,-0.014760654270186802,train
2.782831,270.533,2.1986,2.2132854202935084,-0.0146854202935085,train
2.782831,272.63,2.1979,2.2127161217919804,-0.014816121791980219,test
2.782831,274.727,2.1974,2.2121523846050324,-0.014752384605032365,test
2.782831,276.824,2.1968,2.211594112573838,-0.014794112573838003,train
2.782831,278.921,2.1964,2.2110412119146226,-0.01464121191462242,train
2.782831,281.018,2.1957,2.2104935911426677,-0.014793591142667761,test
2.782831,283.116,2.1952,2.209950903553982,-0.01475090355398212,test
2.782831,285.213,2.1947,2.2094135793496608,-0.014713579349660666,train
2.782831,287.31,2.1942,2.208881273616636,-0.01468127361663596,train
2.782831,289.407,2.1936,2.2083539033649555,-0.014753903364955523,train
2.782831,291.504,2.1931,2.2078313875657427,-0.014731387565742882,train
2.782831,293.601,2.1927,2.2073136470911443,-0.014613647091144433,train
2.782831,295.698,2.192,2.2068006046565314,-0.014800604656531213,train
2.782831,297.796,2.1916,2.206291943404687,-0.014691943404686825,train
2.782831,299.893,2.1911,2.2057880744447362,-0.014688074444736188,test
6.86104,0.134,4.0512,4.020307427686879,0.030892572313121036,train
6.86104,0.268,3.6658,3.639199499402852,0.026600500597147914,train
6.86104,0.537,3.3494,3.32373777462335,0.025662225376650305,test
6.86104,1.074,3.0899,3.064017624855218,0.025882375144782088,train
6.86104,2.097,2.8818,2.856325681248024,0.025474318751975922,train
6.86104,4.194,2.7039,2.678059145510822,0.025840854489178167,train
6.86104,6.291,2.6151,2.588551661520719,0.026548338479281064,test
6.86104,8.389,2.5577,2.5308352755574557,0.026864724442544397,train
6.86104,10.486,2.5161,2.4891435189217894,0.02695648107821036,train
6.86104,12.583,2.4841,2.456935100755907,0.027164899244093377,train
6.86104,14.68,2.4586,2.4309402485810603,0.027659751418939837,test
6.86104,16.777,2.4371,2.4092998400850254,0.027800159914974643,test
6.86104,18.874,2.4187,2.390862936276287,0.027837063723712863,train
6.86104,20.972,2.4032,2.374864018507499,0.028335981492500828,train
6.86104,23.069,2.3889,2.3607939759837966,0.028106024016203435,train
6.86104,25.166,2.3764,2.348268403474042,0.028131596525957647,train
6.86104,27.263,2.3654,2.3370087672385247,0.028391232761475482,test
6.86104,29.36,2.3553,2.3268035467482884,0.028496453251711795,train
6.86104,31.457,2.3462,2.317488624813271,0.02871137518672917,train
6.86104,33.554,2.3377,2.3089343061490415,0.028765693850958396,train
6.86104,35.652,2.3299,2.3010328353501834,0.028867164649816424,train
6.86104,37.749,2.3225,2.2937069423058483,0.028793057694151525,train
6.86104,39.846,2.3161,2.2868828583016123,0.02921714169838774,test
6.86104,41.943,2.3096,2.2805023913225786,0.029097608677421505,train
6.86104,44.04,2.3038,2.274516592645922,0.029283407354077973,train
6.86104,46.137,2.2982,2.268883928864421,0.02931607113557888,train
6.86104,48.234,2.2929,2.2635688802868685,0.029331119713131404,test
6.86104,50.332,2.288,2.258538518790446,0.02946148120955394,train
6.86104,52.429,2.2832,2.2537711054867517,0.02942889451324815,test
6.86104,54.526,2.2788,2.249241044161475,0.02955895583852497,test
6.86104,56.623,2.2746,2.2449280484406633,0.029671951559336662,train
6.86104,58.72,2.2704,2.2408142374151137,0.02958576258488632,train
6.86104,60.817,2.2666,2.236883776328863,0.0297162236711368,train
6.86104,62.915,2.2628,2.2331208259747433,0.02967917402525666,test
6.86104,65.012,2.2594,2.2295163913247293,0.029883608675270512,test
6.86104,67.109,2.2558,2.226057365261366,0.02974263473863381,test
6.86104,69.206,2.2528,2.22273360548354,0.030066394516460093,train
6.86104,71.303,2.2494,2.2195359576858817,0.029864042314118322,train
6.86104,73.4,2.2463,2.216456133559614,0.02984386644038617,train
6.86104,75.497,2.2435,2.213486606860077,0.030013393139923128,train
6.86104,77.595,2.2406,2.210619181350774,0.029980818649226304,train
6.86104,79.692,2.238,2.2078503316333946,0.030149668366605376,train
6.86104,81.789,2.2352,2.2051729411062393,0.03002705889376056,train
6.86104,83.886,2.2327,2.202581757354642,0.030118242645357896,train
6.86104,85.983,2.2301,2.200071951453245,0.030028048546755226,train
6.86104,88.08,2.2278,2.197639074468068,0.030160925531931948,train
6.86104,90.178,2.2253,2.1952779106543474,0.030022089345652425,train
6.86104,92.275,2.2231,2.1929869107564643,0.03011308924353573,train
6.86104,94.372,2.2212,2.1907614125574923,0.030438587442507714,train
6.86104,96.469,2.219,2.1885981490123974,0.030401850987602508,train
6.86104,98.566,2.2169,2.186494082592327,0.030405917407672955,test
6.86104,100.663,2.2148,2.1844463846804447,0.03035361531955516,train
6.86104,102.76,2.2129,2.182452417203121,0.03044758279687887,train
6.86104,104.858,2.211,2.1805088016516505,0.030491198348349347,train
6.86104,106.955,2.209,2.178615085447991,0.03038491455200898,train
6.86104,109.052,2.2074,2.176768171904964,0.03063182809503573,test
6.86104,111.149,2.2056,2.174966037117369,0.030633962882630872,test
6.86104,113.246,2.2038,2.1732067808040143,0.0305932191959859,train
6.86104,115.343,2.2021,2.1714886166318914,0.030611383368108758,train
6.86104,117.441,2.2005,2.1698090720539036,0.03069092794609629,train
6.86104,119.538,2.1987,2.16816816365835,0.03053183634165002,train
6.86104,121.635,2.1973,2.166563587811009,0.03073641218899059,train
6.86104,123.732,2.1957,2.1649939341540954,0.03070606584590463,train
6.86104,125.829,2.1941,2.163457869808718,0.030642130191282035,train
6.86104,127.926,2.1927,2.1619541339109034,0.030745866089096463,train
6.86104,130.023,2.1914,2.160481532615351,0.030918467384648984,train
6.86104,132.121,2.1899,2.1590382535701416,0.030861746429858616,train
6.86104,134.218,2.1884,2.157624599069099,0.030775400930901142,test
6.86104,136.315,2.1872,2.1562388553792244,0.03096114462077537,train
6.86104,138.412,2.1859,2.1548800546130664,0.031019945386933756,train
6.86104,140.509,2.1845,2.1535472764685846,0.030952723531415316,train
6.86104,142.606,2.1832,2.1522396452206802,0.030960354779319577,train
6.86104,144.703,2.1819,2.150956326943989,0.03094367305601109,train
6.86104,146.801,2.1807,2.149695931671421,0.03100406832857905,train
6.86104,148.898,2.1795,2.1484589027964445,0.031041097203555523,train
6.86104,150.995,2.1783,2.1472439108520764,0.031056089147923682,train
6.86104,153.092,2.1772,2.146050265294107,0.031149734705893106,test
6.86104,155.189,2.176,2.1448773063007796,0.031122693699220605,test
6.86104,157.286,2.1748,2.1437244030126306,0.03107559698736928,train
6.86104,159.384,2.1738,2.1425904159317333,0.031209584068266683,train
6.86104,161.481,2.1726,2.1414758481173255,0.03112415188267459,train
6.86104,163.578,2.1717,2.1403796011258738,0.03132039887412619,train
6.86104,165.675,2.1704,2.139301144666503,0.03109885533349699,train
6.86104,167.772,2.1696,2.1382399702634234,0.03136002973657659,train
6.86104,169.869,2.1684,2.1371955900990973,0.031204409900902785,train
6.86104,171.966,2.1673,2.1361675359321723,0.03113246406782766,train
6.86104,174.064,2.1664,2.1351548791233887,0.031245120876611132,train
6.86104,176.161,2.1654,2.1341581527954983,0.031241847204501738,train
6.86104,178.258,2.1645,2.133176455188813,0.03132354481118682,train
6.86104,180.355,2.1635,2.132209386860028,0.031290613139971946,train
6.86104,182.452,2.1625,2.1312565634703673,0.031243436529632795,train
6.86104,184.549,2.1616,2.1303176150485887,0.031282384951411224,train
6.86104,186.647,2.1609,2.129391747156345,0.031508252843654994,train
6.86104,188.744,2.16,2.1284794990049893,0.0315205009950108,train
6.86104,190.841,2.159,2.1275800952279784,0.03141990477202139,test
6.86104,192.938,2.1581,2.126693216792527,0.03140678320747314,test
6.86104,195.035,2.1572,2.1258185559483285,0.031381444051671536,test
6.86104,197.132,2.1564,2.1249558157123247,0.03144418428767537,test
6.86104,199.229,2.1555,2.124104709382204,0.03139529061779589,train
6.86104,201.327,2.1547,2.1232645622903368,0.03143543770966328,train
6.86104,203.424,2.1538,2.1224359077407122,0.03136409225928771,train
6.86104,205.521,2.1531,2.121618084080517,0.031481915919482795,test
6.86104,207.618,2.1524,2.120810841380787,0.03158915861921319,train
6.86104,209.715,2.1515,2.120013937930219,0.031486062069780996,test
6.86104,211.812,2.1509,2.119227139886007,0.03167286011399284,train
6.86104,213.91,2.1499,2.118449852773653,0.03145014722634709,test
6.86104,216.007,2.1491,2.1176825984049765,0.031417401595023264,train
6.86104,218.104,2.1485,2.1169247917993004,0.03157520820069948,train
6.86104,220.201,2.1478,2.11617622744559,0.03162377255440996,test
6.86104,222.298,2.1472,2.115436706206198,0.03176329379380238,train
6.86104,224.395,2.1463,2.114706035061296,0.03159396493870403,train
6.86104,226.492,2.1457,2.1139840268658405,0.031715973134159636,test
6.86104,228.59,2.1449,2.113270161852631,0.03162983814736897,train
6.86104,230.687,2.1442,2.1125649443944443,0.031635055605555795,train
6.86104,232.784,2.1436,2.11186786136165,0.031732138638350005,train
6.86104,234.881,2.1429,2.111178746906487,0.031721253093512924,test
6.86104,236.978,2.1421,2.1104974400048775,0.031602559995122625,train
6.86104,239.075,2.1416,2.10982378427492,0.031776215725079826,train
6.86104,241.172,2.141,2.109157627803733,0.031842372196266844,train
6.86104,243.27,2.1402,2.1084985105475607,0.031701489452439446,train
6.86104,245.367,2.1396,2.1078469173163485,0.03175308268365162,train
6.86104,247.464,2.139,2.1072023927382313,0.0317976072617685,train
6.86104,249.561,2.1384,2.106564801198444,0.03183519880155572,test
6.86104,251.658,2.1377,2.105934010795788,0.031765989204212364,train
6.86104,253.755,2.1371,2.105309893211001,0.031790106788999406,train
6.86104,255.853,2.1365,2.1046920306218975,0.031807969378102374,test
6.86104,257.95,2.136,2.1040808904547457,0.031919109545254454,train
6.86104,260.047,2.1353,2.1034760583512604,0.031823941648739584,test
6.86104,262.144,2.1347,2.102877419115014,0.03182258088498591,train
6.86104,264.241,2.1342,2.102284860553375,0.03191513944662505,train
6.86104,266.338,2.1334,2.1016982733760803,0.03170172662391968,train
6.86104,268.435,2.1331,2.101117551098006,0.03198244890199442,test
6.86104,270.533,2.1323,2.1005423171213273,0.03175768287867253,train
6.86104,272.63,2.1318,2.0999730186197993,0.03182698138020079,test
6.86104,274.727,2.1312,2.0994092814328513,0.03179071856714888,train
6.86104,276.824,2.1307,2.098851009401657,0.03184899059834301,train
6.86104,278.921,2.1303,2.0982981087424415,0.03200189125755859,train
6.86104,281.018,2.1297,2.0977504879704867,0.03194951202951346,train
6.86104,283.116,2.1292,2.097207800381801,0.0319921996181991,train
6.86104,285.213,2.1286,2.0966704761774797,0.031929523822520345,train
6.86104,287.31,2.1281,2.096138170444455,0.03196182955554505,train
6.86104,289.407,2.1276,2.0956108001927745,0.0319891998072257,train
6.86104,291.504,2.127,2.0950882843935617,0.03191171560643813,train
6.86104,293.601,2.1266,2.0945705439189632,0.03202945608103658,train
6.86104,295.698,2.126,2.0940575014843503,0.031942498515649564,train
6.86104,297.796,2.1255,2.093548840232506,0.031951159767494186,train
6.86104,299.893,2.125,2.093044971272555,0.03195502872744482,train
11.965825,0.134,4.0188,3.954095417583641,0.06470458241635857,train
11.965825,0.268,3.6351,3.572987489299614,0.062112510700385926,train
11.965825,0.537,3.3185,3.2575257645201123,0.06097423547988745,test
11.965825,1.074,3.058,2.9978056147519805,0.060194385248019344,train
11.965825,2.097,2.8502,2.7901136711447863,0.06008632885521381,train
11.965825,4.194,2.6724,2.611847135407584,0.06055286459241627,train
11.965825,6.291,2.5833,2.5223396514174814,0.06096034858251853,train
11.965825,8.389,2.5261,2.464623265454218,0.06147673454578184,test
11.965825,10.486,2.4845,2.422931508818552,0.06156849118144825,train
11.965825,12.583,2.4527,2.390723090652669,0.061976909347331244,train
11.965825,14.68,2.4268,2.3647282384778228,0.062071761522177304,train
11.965825,16.777,2.4053,2.3430878299817874,0.062212170018212554,train
11.965825,18.874,2.3868,2.3246509261730495,0.06214907382695056,train
11.965825,20.972,2.3713,2.3086520084042617,0.06264799159573853,train
11.965825,23.069,2.3573,2.2945819658805586,0.06271803411944132,test
11.965825,25.166,2.345,2.2820563933708042,0.06294360662919596,train
11.965825,27.263,2.3334,2.2707967571352867,0.06260324286471342,train
11.965825,29.36,2.3239,2.2605915366450504,0.06330846335494966,test
11.965825,31.457,2.3144,2.251276614710033,0.06312338528996708,train
11.965825,33.554,2.3061,2.2427222960458035,0.06337770395419628,test
11.965825,35.652,2.2981,2.2348208252469455,0.06327917475305433,train
11.965825,37.749,2.291,2.2274949322026103,0.06350506779738962,test
11.965825,39.846,2.2841,2.220670848198375,0.06342915180162523,train
11.965825,41.943,2.2778,2.2142903812193406,0.06350961878065942,train
11.965825,44.04,2.2722,2.2083045825426844,0.06389541745731586,test
11.965825,46.137,2.2664,2.202671918761183,0.06372808123881679,train
11.965825,48.234,2.2612,2.1973568701836306,0.06384312981636953,train
11.965825,50.332,2.2563,2.1923265086872084,0.06397349131279162,train
11.965825,52.429,2.2516,2.187559095383514,0.06404090461648604,test
11.965825,54.526,2.2471,2.183029034058237,0.06407096594176309,train
11.965825,56.623,2.2428,2.1787160383374258,0.06408396166257413,train
11.965825,58.72,2.239,2.174602227311876,0.06439777268812374,train
11.965825,60.817,2.2349,2.170671766225625,0.06422823377437492,train
11.965825,62.915,2.2312,2.1669088158715057,0.0642911841284941,train
11.965825,65.012,2.2277,2.1633043812214914,0.06439561877850863,train
11.965825,67.109,2.2243,2.1598453551581285,0.06445464484187147,train
11.965825,69.206,2.221,2.156521595380302,0.064478404619698,train
11.965825,71.303,2.2178,2.1533239475826442,0.06447605241735577,train
11.965825,73.4,2.2146,2.150244123456376,0.06435587654362385,test
11.965825,75.497,2.2119,2.147274596756839,0.06462540324316102,train
11.965825,77.595,2.2089,2.144407171247536,0.06449282875246398,test
11.965825,79.692,2.2063,2.1416383215301567,0.0646616784698435,train
11.965825,81.789,2.2035,2.1389609310030018,0.06453906899699824,train
11.965825,83.886,2.201,2.1363697472514045,0.06463025274859557,train
11.965825,85.983,2.1986,2.133859941350007,0.06474005864999288,train
11.965825,88.08,2.1962,2.13142706436483,0.06477293563517028,train
11.965825,90.178,2.1939,2.12906590055111,0.06483409944889029,test
11.965825,92.275,2.1917,2.1267749006532264,0.0649250993467736,train
11.965825,94.372,2.1894,2.124549402454255,0.06485059754574518,train
11.965825,96.469,2.1873,2.1223861389091594,0.06491386109084063,test
11.965825,98.566,2.1853,2.1202820724890894,0.0650179275109104,train
11.965825,100.663,2.1833,2.1182343745772068,0.06506562542279326,test
11.965825,102.76,2.1811,2.116240407099883,0.06485959290011678,test
11.965825,104.858,2.1794,2.114296791548413,0.06510320845158679,train
11.965825,106.955,2.1775,2.112403075344753,0.06509692465524708,train
11.965825,109.052,2.1756,2.110556161801726,0.06504383819827408,train
11.965825,111.149,2.174,2.1087540270141316,0.06524597298586832,train
11.965825,113.246,2.1721,2.1069947707007763,0.06510522929922358,train
11.965825,115.343,2.1704,2.105276606528654,0.06512339347134599,train
11.965825,117.441,2.1688,2.103597061950666,0.06520293804933397,train
11.965825,119.538,2.1672,2.1019561535551126,0.06524384644488723,train
11.965825,121.635,2.1655,2.1003515777077713,0.06514842229222895,train
11.965825,123.732,2.1639,2.098781924050858,0.0651180759491421,train
11.965825,125.829,2.1627,2.0972458597054806,0.06545414029451946,test
11.965825,127.926,2.161,2.095742123807666,0.06525787619233414,train
11.965825,130.023,2.1595,2.094269522512113,0.06523047748788713,train
11.965825,132.121,2.158,2.0928262434669036,0.06517375653309632,train
11.965825,134.218,2.1568,2.0914125889658615,0.06538741103413859,train
11.965825,136.315,2.1553,2.090026845275987,0.06527315472401307,train
11.965825,138.412,2.1542,2.0886680445098285,0.06553195549017143,train
11.965825,140.509,2.1529,2.087335266365347,0.06556473363465276,train
11.965825,142.606,2.1515,2.0860276351174423,0.0654723648825577,train
11.965825,144.703,2.1504,2.0847443168407516,0.0656556831592483,test
11.965825,146.801,2.1491,2.083483921568183,0.06561607843181694,train
11.965825,148.898,2.1478,2.082246892693207,0.0655531073067932,train
11.965825,150.995,2.1464,2.081031900748839,0.06536809925116094,train
11.965825,153.092,2.1456,2.079838255190869,0.065761744809131,train
11.965825,155.189,2.1442,2.078665296197542,0.06553470380245807,train
11.965825,157.286,2.143,2.077512392909393,0.06548760709060675,train
11.965825,159.384,2.1421,2.0763784058284953,0.0657215941715048,train
11.965825,161.481,2.1411,2.075263838014088,0.0658361619859118,test
11.965825,163.578,2.1399,2.0741675910226363,0.06573240897736365,train
11.965825,165.675,2.1388,2.0730891345632654,0.06571086543673443,train
11.965825,167.772,2.1378,2.0720279601601854,0.0657720398398145,train
11.965825,169.869,2.1368,2.0709835799958594,0.06581642000414067,test
11.965825,171.966,2.1358,2.069955525828935,0.06584447417106531,train
11.965825,174.064,2.1347,2.068942869020151,0.06575713097984925,train
11.965825,176.161,2.1337,2.0679461426922607,0.06575385730773942,train
11.965825,178.258,2.1328,2.066964445085575,0.06583555491442494,train
11.965825,180.355,2.1318,2.06599737675679,0.06580262324321007,train
11.965825,182.452,2.1309,2.0650445533671293,0.06585544663287068,test
11.965825,184.549,2.1298,2.064105604945351,0.06569439505464914,train
11.965825,186.647,2.129,2.0631797370531073,0.0658202629468927,test
11.965825,188.744,2.1281,2.0622674889017514,0.0658325110982485,train
11.965825,190.841,2.1272,2.061368085124741,0.0658319148752593,train
11.965825,192.938,2.1264,2.0604812066892895,0.06591879331071038,test
11.965825,195.035,2.1256,2.0596065458450905,0.06599345415490943,train
11.965825,197.132,2.1248,2.0587438056090868,0.06605619439091326,train
11.965825,199.229,2.1238,2.057892699278966,0.06590730072103401,train
11.965825,201.327,2.123,2.0570525521870993,0.06594744781290096,train
11.965825,203.424,2.1223,2.0562238976374743,0.06607610236252581,train
11.965825,205.521,2.1214,2.055406073977279,0.06599392602272092,train
11.965825,207.618,2.1206,2.054598831277549,0.0660011687224511,train
11.965825,209.715,2.1199,2.053801927826981,0.06609807217301888,train
11.965825,211.812,2.119,2.0530151297827692,0.06598487021723098,train
11.965825,213.91,2.1183,2.0522378426704155,0.06606215732958454,train
11.965825,216.007,2.1175,2.051470588301739,0.06602941169826115,train
11.965825,218.104,2.1168,2.0507127816960624,0.0660872183039376,train
11.965825,220.201,2.1161,2.0499642173423522,0.06613578265764763,train
11.965825,222.298,2.1152,2.04922469610296,0.06597530389704032,train
11.965825,224.395,2.1147,2.0484940249580585,0.06620597504194148,train
11.965825,226.492,2.1139,2.0477720167626026,0.06612798323739755,test
11.965825,228.59,2.1133,2.0470581517493933,0.06624184825060686,train
11.965825,230.687,2.1125,2.046352934291207,0.06614706570879303,train
11.965825,232.784,2.1119,2.0456558512584126,0.06624414874158724,train
11.965825,234.881,2.1112,2.044966736803249,0.06623326319675105,train
11.965825,236.978,2.1105,2.04428542990164,0.06621457009836007,train
11.965825,239.075,2.1099,2.0436117741716826,0.0662882258283175,train
11.965825,241.172,2.1092,2.042945617700495,0.06625438229950475,train
11.965825,243.27,2.1085,2.042286500444323,0.06621349955567668,test
11.965825,245.367,2.1079,2.0416349072131106,0.0662650927868893,train
11.965825,247.464,2.1072,2.0409903826349933,0.06620961736500686,train
11.965825,249.561,2.1066,2.040352791095206,0.06624720890479363,train
11.965825,251.658,2.1059,2.0397220006925503,0.06617799930744983,train
11.965825,253.755,2.1055,2.039097883107763,0.0664021168922373,train
11.965825,255.853,2.1047,2.03848002051866,0.06621997948133984,train
11.965825,257.95,2.1042,2.0378688803515077,0.06633111964849236,train
11.965825,260.047,2.1036,2.037264048248023,0.06633595175197726,train
11.965825,262.144,2.1031,2.0366654090117766,0.06643459098822335,train
11.965825,264.241,2.1024,2.0360728504501373,0.06632714954986252,train
11.965825,266.338,2.102,2.0354862632728423,0.06651373672715755,train
11.965825,268.435,2.1013,2.0349055409947683,0.06639445900523189,train
11.965825,270.533,2.1008,2.0343303070180894,0.06646969298191063,train
11.965825,272.63,2.1001,2.033761008516562,0.06633899148343803,test
11.965825,274.727,2.0998,2.033197271329614,0.0666027286703863,train
11.965825,276.824,2.099,2.032638999298419,0.06636100070158113,train
11.965825,278.921,2.0986,2.032086098639204,0.06651390136079582,train
11.965825,281.018,2.098,2.031538477867249,0.0664615221327507,train
11.965825,283.116,2.0975,2.0309957902785634,0.06650420972143678,test
11.965825,285.213,2.0969,2.030458466074242,0.06644153392575802,train
11.965825,287.31,2.0964,2.0299261603412173,0.06647383965878273,test
11.965825,289.407,2.0959,2.0293987900895365,0.06650120991046338,train
11.965825,291.504,2.0954,2.028876274290324,0.06652372570967602,test
11.965825,293.601,2.0949,2.0283585338157257,0.06654146618427426,train
11.965825,295.698,2.0945,2.027845491381113,0.06665450861888722,test
11.965825,297.796,2.0938,2.0273368301292685,0.06646316987073142,train
11.965825,299.893,2.0933,2.026832961169317,0.06646703883068295,train
