draw,slope,intercept
0,-2.5123628455586036,11.308575508281372
1,0.7364852137578306,3.600402771376326
2,-0.7530264131314306,7.584200806174458
3,-2.420533724690896,11.112185671927506
4,-0.9689337799027494,7.879745647956344
5,-0.7479514499353176,7.3633736438634685
6,-5.204201563617973,16.971533216603053
7,-1.159989856015791,8.325718590240701
8,-2.566537068945679,11.429798145878337
9,-1.0182221972511356,7.966061967702203
10,-1.1724879063600862,8.326976921621
11,0.4259619415145988,4.5473236651978
12,-3.461281044205604,13.365914612318072
13,0.20784741289938152,5.04189441153623
14,0.2054365852312235,5.074888881174692
15,1.2615854777396098,2.3445543747555635
16,-0.5960217428086776,7.271500036644003
17,-3.4662172383948664,13.229988665335238
18,-0.3539246184405047,6.523839632594404
19,0.19087178360725693,5.0610950051022785
20,-0.01343238461213808,5.477112440978749
21,0.4750341869276528,4.381624894900039
22,-2.7504197468241993,11.78594254652717
23,0.35637112626958883,4.622099204015412
24,-0.8661198566987628,7.7968213875212475
25,0.060851416190880456,5.448076137717518
26,-0.5817233716588908,7.258248304580544
27,-0.6618812055571777,7.4610489090953
28,-0.43679738171131716,6.751539906553517
29,-2.1944675887900216,10.670697502764543
30,-1.2813647868291067,8.556596940820143
31,-1.0715066889815885,8.059317278488361
32,-0.15670549507984072,6.015664747781873
33,-2.630867411926925,11.564549006700162
34,-0.7428991878520369,7.397761083257036
35,-0.8496371359372439,7.655895784601152
36,-0.20556308759813524,6.0965124671288
37,-2.5959875334379645,11.455974048653301
38,-2.5427696374050126,11.376020670136135
39,-1.2523158976093371,8.519425072656498
40,-1.9275598832795637,9.93451497747322
41,-1.1240191822406558,8.241071854432397
42,-2.7125371240305944,11.700306789143195
43,-0.21115413179850273,6.272632197173355
44,-1.0542856261950089,8.165822668444747
45,-5.114680483330422,16.780193896596316
46,-0.8422888255637445,7.394630959789131
47,-0.7892312761660645,7.481462061221892
48,-0.5330283488303946,6.982848211672891
49,-0.8604587193969636,7.553994590155861
50,-1.3696241497631032,8.917715101258759
51,-0.8669014774413522,7.660766230666919
52,-0.620358699320515,7.266160488909636
53,-0.6250533617498083,7.36809809495019
54,0.355152376791724,4.90423211765795
55,-3.4087784823131395,13.15045562554917
56,-0.7892312761660645,7.481462061221892
57,-2.241359899531087,10.735142144905343
58,-0.43967010488996017,6.877881982083334
59,-0.20157759487395077,5.913014585357017
60,-0.09976522622859102,5.860155791468035
61,-0.34332627719390224,6.491123917318017
62,-0.5498786210535246,7.0539109348706805
63,-2.8194023766952743,11.934218904715005
64,-0.6561532106361562,7.4652015504630915
65,-0.9778302709257675,7.802533697797549
66,-1.9928549699090972,10.002942548915922
67,-0.20899265567401534,6.1842491842042016
68,-1.0926364522070982,8.29415029964283
69,-4.4268310076143615,15.3785198652532
70,-5.1542717838010805,16.8664701604942
71,-0.8380867855741385,7.442312208703984
72,-0.6828366176176129,7.182789121367516
73,-2.3803715504767795,10.954691120373557
74,-0.9216331802466822,7.670445890331903
75,-2.3727231158399595,10.785687706679123
76,-4.430604678871816,15.489102559262605
77,-2.693124213343007,11.611462761409214
78,2.1474508655987727,0.15174675826353123
79,-2.1944675887900225,10.670697502764545
80,-0.3278263389300584,6.308941337768379
81,-0.8040464101040957,7.564656096578357
82,0.24019621772458188,5.124556072275324
83,-2.6222171561447145,11.714156973382021
84,-0.4925142808086108,6.618328525572771
85,-3.5142828503865697,13.459520537152315
86,-4.072966510463348,14.609528445334256
87,-0.34071258325698023,6.402305558331362
88,-1.1923291987333926,8.444001250806771
89,-0.823270986746237,7.701528127977603
90,-0.9778302709257674,7.802533697797548
91,-1.159989856015791,8.325718590240701
92,-2.3834352277071313,10.942899757510517
93,0.0424779266816323,5.560596238649923
94,-0.5755968867153168,7.096254954507695
95,-0.9689337799027495,7.879745647956345
96,-0.2463689848309888,6.376357362828466
97,-2.7231411168992503,11.640335708639086
98,-0.511385094406974,6.9479623214432396
99,-5.20008649675552,16.981422713126904
100,-0.34332627719390224,6.491123917318017
101,-0.497753017438019,6.875808166686382
102,-0.7123939127621931,7.199743754716547
103,-0.6095897583948483,6.9977234579191245
104,7.010589766522689,-9.805956955824858
105,-1.0095757872830151,8.11700426987217
106,0.2906273457369012,5.165464855592324
107,0.20127565567638386,5.142646715171451
108,-5.148777837438221,16.850797877534806
109,-0.9555163761702337,7.880880526269516
110,-2.149971540497019,10.3902280280431
111,-1.0768923247570568,8.218998896923353
112,-2.3456712048991792,11.003841159976481
113,-0.180155630610685,6.144088328727943
114,-0.9059565249157129,7.789956056574283
115,-1.0906690288827852,8.217722282679137
116,-5.165156997516659,16.90036420790949
117,-0.9809921210806157,7.873995020514546
118,-0.5599028516882976,6.917911471305638
119,-0.5547647941301762,7.187151374428561
120,-0.0316197278741501,5.670418449672889
121,-0.4431855865515035,6.715897576187558
122,-2.6308674119269253,11.564549006700164
123,0.8542766013198088,3.378419766755624
124,-1.2194466190756579,8.527100850114472
125,-0.8085377322253696,7.37554386023567
126,-0.0786705570589573,5.983166014967031
127,-0.20556308759813524,6.0965124671288
128,0.5349387367810045,4.2770073253112715
129,0.03704137615363841,5.9066350764982145
130,-0.1870883469367644,6.208718307574253
131,-4.1512206591437,14.786480279555207
132,-1.320704376652482,8.797588543549415
133,-0.6144811106396918,7.025550892867418
134,-0.5905944014327137,6.993987039778002
135,-2.9983253458492256,12.368251816474864
136,-2.947950559907144,12.12958447730324
137,-2.7504197468241993,11.78594254652717
138,-0.3645527638434727,6.572698291833777
139,-2.113584772489337,10.217746428984523
140,-3.1042818991286913,12.541162035856228
141,-0.7428991878520369,7.397761083257036
142,-0.20899265567401534,6.1842491842042016
143,-2.7125371240305944,11.700306789143195
144,-1.7090390795142267,9.562040149445373
145,-0.2394589541766286,6.217056393130865
146,-1.0781526694743733,8.10015765153555
147,-0.674462746271798,7.244459904005726
148,-0.5046574068616632,6.841579092924026
149,0.42414849227983226,4.354089948868946
150,-2.484104094964283,11.212146464771873
151,-2.7757773536874777,11.828287774192514
152,-0.6782788790542184,7.284486168376767
153,-0.8496371359372438,7.655895784601152
154,-0.1709660278993794,5.983032898119243
155,-0.29020764230221313,6.442492798237858
156,-0.4014609637891469,6.492144121691457
157,-0.9458134913884978,7.900064789501448
158,-0.6731327118330334,7.221565362888129
159,-0.08151796870769311,5.807028074391393
160,-0.388566637622795,6.568897911199822
161,-0.8178175533286189,7.543912597043877
162,0.038238484759507904,5.328033259563594
163,-2.4760615324654762,11.267402700546116
164,-5.148777837438221,16.850797877534802
165,-2.261347875770243,10.781929855490105
166,-0.796096806857509,7.599654038873455
167,-0.19667370359934946,6.441135488570822
168,-2.996450628460368,12.179543478017555
169,-0.2902175772418591,6.466306433192626
170,-2.373812392473828,11.019433938715103
171,-0.6665275095817645,7.258938553772432
172,-0.4779235624763633,6.839500701237123
173,-0.7892312761660645,7.481462061221894
174,-0.25748388575718567,6.351220008336443
175,-2.261347875770243,10.781929855490107
176,-0.1709660278993794,5.983032898119243
177,-0.5896621918758733,7.270092873317477
178,-1.0566754775259313,8.017878906698996
179,-0.49835469767902174,6.993446848369844
180,-1.0855102568128667,8.124881050875944
181,-2.3798416236349387,10.980181257145915
182,-0.663437891263294,7.0923976739881365
183,-2.202693240699194,10.584194017405986
184,-0.6782788790542185,7.284486168376768
185,-1.9828775237331078,10.204363912233914
186,-2.733202152519821,11.74701981044199
187,-4.880947238389238,16.24958977563767
188,0.20784741289938147,5.04189441153623
189,0.24280062873219194,4.83372517235877
190,-0.9562806440621922,7.956372198232271
191,-1.0392637270453946,8.035375832787572
192,-3.057480723341748,12.31533076082281
193,-2.7198131412619087,11.815687431212723
194,0.18820112426375282,5.139006107308753
195,-2.1827224019171334,10.598719455116816
196,-2.7305593541179043,11.839076219250995
197,-0.9562806440621922,7.956372198232271
198,-1.149834531917857,8.140682646977545
199,-2.507391759812272,11.4188854271919
200,-1.09266736461748,8.195942086051595
201,-0.9778302709257674,7.802533697797548
202,-2.687278480594774,11.64321323891659
203,-0.5153368048362525,6.770186807088638
204,-2.5780361348940892,11.380952531754389
205,-1.1387447248407034,8.31453956761275
206,-0.5379507719788778,6.95168977117409
207,-1.3072469848997135,8.713061479559867
208,-2.7757156084413364,11.873562717847086
209,0.425961941514599,4.547323665197801
210,-2.614473598141459,11.52552574420844
211,0.2714343770588349,4.856492793411862
212,-3.067632846315848,12.453744575282727
213,-1.3402213095293494,8.698734440425406
214,-0.6782788790542185,7.284486168376768
215,-0.532213788528206,7.133808718131485
216,-1.1692182602323884,8.255397398724758
217,-0.5352791056029611,7.0363630071269725
218,-5.012077436536559,16.546693690244112
219,-0.5153368048362525,6.7701868070886375
220,-0.5738452589054827,6.891719279780929
221,-0.9714569473520408,7.821104780885977
222,-0.3593703095046064,6.284365185712705
223,-1.073569517747946,8.031738921318972
224,-0.4588923004617379,6.578422687655905
225,-0.8178175533286189,7.543912597043877
226,-0.8040464101040958,7.564656096578357
227,0.11854764960127469,5.184501416052101
228,-2.7720910148341593,11.864812491336039
229,-0.7430758775332617,7.413705092364003
230,-0.32496218081957845,6.372989878395632
231,-2.5341471988493414,11.358612459595669
232,-1.0773303213179335,8.166798264106436
233,-0.6581186305422678,7.169459971700704
234,-0.7455942729037601,7.381745843339716
235,-0.7279182433064135,7.628491839718741
236,-2.4760615324654753,11.267402700546114
237,-2.544056622531635,11.4355212678451
238,-1.4374078378949042,9.015468863948762
239,-0.8313885557031677,7.760217511277352
240,-2.151833818823532,10.462446215618172
241,-2.3843101447738064,10.913195770074825
242,-0.5429475035477752,7.03763831409801
243,-0.5748633223140488,6.796481722120664
244,-2.1518338188235324,10.462446215618176
245,-0.7455942729037601,7.381745843339716
246,-1.9542081152925512,10.124568361216681
247,-4.072966510463349,14.60952844533426
248,-1.0486784970689382,8.127277244342693
249,-2.0188230920775254,10.288135913908864
250,-1.0486784970689382,8.127277244342691
251,-2.3127067688054432,10.796272328301997
252,-2.8770464568851497,12.111921074899177
253,-0.6135229932051308,7.337645870001769
254,-2.3872096158162392,11.039528398516874
255,0.665268841465717,3.9127455061415675
256,-2.866553429021614,12.163737119050312
257,-0.7919677917946432,7.607910323454534
258,-4.368792465571566,15.432235237578855
259,-2.989766111693257,12.489268443276092
260,-0.3645527638434726,6.5726982918337775
261,-3.254740025762797,12.826811267905775
262,-0.3957883944629059,6.5811435266993055
263,-0.8356628296258378,7.6654265132425
264,-0.3957883944629059,6.5811435266993055
265,-1.2523158976093371,8.519425072656498
266,-0.3903203054785311,6.779282636327902
267,-0.4984140321977939,6.611391856255802
268,-2.6218907072391526,11.590056337649063
269,-0.6380160522446605,7.177770060735561
270,-0.20556308759813519,6.0965124671288
271,-0.494993845455817,6.772872913676601
272,-0.8928685699693706,7.740398093982511
273,-0.42939043199094173,6.807725104639425
274,-0.7787164335664426,7.353472175070732
275,-2.2951004376452375,10.607450198358174
276,-4.9850712702890725,16.48464648339174
277,-0.0011797030485684121,5.550561838272135
278,-0.5901314713337112,6.974231563574066
279,-2.488712757858337,11.22300134966154
280,0.61494866576745,3.938957427569374
281,-4.013149478061609,14.446332761064182
282,-1.1527063551001637,8.411884908818891
283,-3.0371332490305787,12.45614396086687
284,-2.519028745502395,11.37599759094467
285,-0.7892312761660645,7.481462061221894
286,-0.3146279674355828,6.54664460463101
287,-0.2964443220541267,6.427087794269723
288,-4.016435097736887,14.480788649101033
289,-2.7051970613151437,11.55991817075923
290,-2.631783521497435,11.536386672304396
291,-0.9689337799027493,7.8797456479563435
292,-0.971456947352041,7.821104780885978
293,2.2326531132383614,-0.1432543088794942
294,-0.3957883944629059,6.5811435266993055
295,-2.1518338188235315,10.462446215618172
296,-2.956963904588999,12.183418934105209
297,-0.34332627719390224,6.491123917318017
298,-1.2142195008010628,8.394893829338317
299,-0.25877713798889185,6.338285452312518
300,2.362539808491156,-0.4219626812357209
301,-0.25891247634611636,6.232490887644808
302,-2.5341471988493414,11.35861245959567
303,-3.104166150160744,12.54236435864254
304,-0.5140994452544269,6.946117632197478
305,-0.4293904319909418,6.807725104639425
306,-0.4712073116911964,6.944974278021946
307,-3.46420249181672,13.295623994206888
308,-0.8970768579084427,7.718029583074814
309,0.06427778304051764,5.514679748964606
310,-0.635611394786986,6.9971285446498035
311,-2.9853265768990274,12.211816757990857
312,-0.34370773053999515,6.433492056450645
313,-0.6112399926507859,7.175679103206213
314,-0.6993581294076067,7.133562134860307
315,2.845236322394635,-1.6609603014007597
316,-3.0171749843584688,12.312887127424176
317,-0.6608047829292703,7.194913215709956
318,-2.5777627020055824,11.347551611611127
319,-1.7562573497626874,9.58677575417676
320,-0.30091288077542505,6.284463784791376
321,-4.072966510463348,14.609528445334256
322,-0.2553073083415774,6.080411283149112
323,-0.6328715298432882,7.260793158685351
324,-0.751602084233529,7.2070676116784655
325,-0.956041047544838,7.909742768329631
326,1.3102591137971153,2.2832941284487775
327,-5.364235852572979,17.33852776179634
328,-0.49775301743801886,6.875808166686382
329,-2.3388061984563895,10.885664670472277
330,-0.6236660883823184,7.125305716801475
331,-0.45373396605710375,6.836185981435778
332,0.4259619415145989,4.5473236651978
333,-0.663437891263294,7.092397673988136
334,-2.5420304684318995,11.381073872511198
335,-0.2463689848309889,6.376357362828467
336,-1.4374078378949042,9.015468863948762
337,-0.1192323836786435,5.948992898020061
338,-2.127316544144434,10.439703921297745
339,-3.5142828503865693,13.459520537152315
340,-0.8986189218063679,7.846828754869877
341,-1.2301017859994263,8.43726852003908
342,-2.8770464568851493,12.111921074899175
343,-0.3568850127405826,6.434444446756432
344,-0.3278263389300583,6.308941337768379
345,-0.7223384931546837,7.4741392043444135
346,-1.9987087673759623,10.326963823396955
347,-0.6665275095817645,7.258938553772432
348,-0.3747782385409959,6.570418104140386
349,7.010589766522693,-9.805956955824865
350,-0.6828366176176129,7.182789121367516
351,-0.15670549507984072,6.015664747781873
352,-0.36910316108452335,6.446782481309674
353,-3.0574807233417487,12.315330760822812
354,-2.4484931096482736,11.060418825903668
355,-1.0486784970689382,8.127277244342693
356,0.17555406471334245,5.043712068213069
357,-0.5330283488303945,6.982848211672891
358,-2.484104094964282,11.21214646477187
359,-0.5400994448308932,6.8897232075612855
360,-1.0229762348656295,8.172254344512034
361,-0.18015563061068504,6.144088328727943
362,-0.34370773053999515,6.433492056450644
363,-2.600192436784994,11.349119034110824
364,-1.09266736461748,8.195942086051595
365,-2.468807823713425,11.247316502465118
366,-0.5599028516882975,6.917911471305638
367,-0.6631091858027828,7.47131223964081
368,-0.08906805889304614,5.964400148349991
369,0.556660667229377,4.113327841633566
370,-0.6946977265494623,7.194399254546875
371,-0.5665822614104157,6.739696273133862
372,-0.47120731169119645,6.944974278021947
373,-1.937398785715853,10.067718765699077
374,-2.6283525193473776,11.459593550126478
375,-2.288680083801831,10.734861604321909
376,0.2637533052696419,4.930397386927824
377,-2.6595399959062105,11.622130508998913
378,-1.1827655681207434,8.383102685538084
379,0.3733244547937825,4.660330885844332
380,-2.5245434344748676,11.305975068886557
381,-0.18946250773689616,5.822884863946067
382,-0.4529186071014187,6.8794631211709625
383,-3.0577160502789424,12.401052834930926
384,-0.20420202254103748,6.030172685509028
385,-2.432755485069186,11.147992197599354
386,-1.1609931173375818,8.361208345878424
387,-0.8371723083015516,7.761619380823195
388,-0.19329471345975646,6.1384148659562
389,-0.9491878684799095,7.9140204990916745
390,-1.9730181171982644,9.896490606742098
391,-0.015444773574807419,5.623230857947708
392,-2.6319571489845757,11.472302005444464
393,-0.9842674782644465,8.034494193709916
394,-2.0883712280299243,10.464573100251485
395,-0.6618812055571777,7.461048909095299
396,-1.3572981040174854,8.865119937045788
397,-1.121384777015835,8.203775153973657
398,-0.5665822614104153,6.739696273133861
399,-2.2866262830944426,10.710939197330603
400,0.44788316637713294,4.42101591645981
401,-2.6792628126699594,11.771049914561775
402,0.759309884366965,3.621330331760329
403,-0.22092959454101743,6.002161901189134
404,-0.35955208345326506,6.584344031981941
405,-1.2301017859994263,8.43726852003908
406,-3.5142828503865693,13.459520537152315
407,-2.7854447443382586,11.738719853115814
408,-4.242236566175403,15.01096290013323
409,-0.39551347855606866,6.705911917690609
410,-0.34096717125590287,6.661922595073754
411,-2.985326576899026,12.211816757990855
412,-0.14937758177096902,6.139479901805902
413,-0.4298733763703931,6.709383173928137
414,-2.4530023583633365,11.036149125444767
415,-0.5429107764160019,6.944340922173049
416,-2.6487685473227938,11.468301071693553
417,-2.65953999590621,11.62213050899891
418,-0.8380867855741386,7.442312208703984
419,-2.4665284615376812,11.171817672818346
420,-5.1542717838010805,16.8664701604942
421,-0.5046574068616633,6.841579092924026
422,-1.054285626195009,8.165822668444749
423,-0.6946977265494623,7.194399254546875
424,-0.5331465611671774,6.956061224682371
425,-3.1731894296528727,12.826777796215119
426,-0.8418318008876827,7.476215700974167
427,-0.08861494703918557,6.054234238539711
428,-0.8816640389379025,7.671652427888839
429,-0.6112399926507859,7.175679103206214
430,-3.3900036052260436,13.158847112364985
431,-2.730559354117904,11.839076219250995
432,-0.9746518300495259,7.708134960367133
433,-3.408146976602005,13.200200555080222
434,-0.6600178224345707,7.154824831275922
435,-2.4530023583633365,11.036149125444767
436,-0.7885544023781631,7.639458684920502
437,-0.01544477357480745,5.623230857947707
438,-0.18015563061068504,6.1440883287279435
439,-2.687278480594774,11.64321323891659
440,-0.3278263389300585,6.308941337768381
441,-0.44691313675295435,6.661633304091051
442,-0.8496371359372439,7.655895784601153
443,-0.6633664183263759,7.33533873106969
444,-2.733202152519821,11.74701981044199
445,-0.9809921210806156,7.873995020514546
446,-0.7440798690322641,7.370148240120163
447,-4.016435097736886,14.480788649101033
448,-0.6735960370603423,7.334744115198072
449,-0.6380160522446606,7.177770060735561
450,-0.9809921210806156,7.8739950205145455
451,-0.3361657592094633,6.559392215487792
452,-2.5073917598122715,11.418885427191896
453,0.35515237679172396,4.9042321176579495
454,-0.4925142808086108,6.618328525572772
455,-0.6581186305422678,7.169459971700703
456,-2.2390096790899054,10.619336586668993
457,-0.6112399926507859,7.175679103206214
458,-0.4469131367529544,6.661633304091051
459,-0.19329471345975646,6.1384148659562
460,-0.7802570201793675,7.430442897829481
461,-0.3424571908223874,6.6752727171045985
462,-1.0383349066845058,8.124538932997158
463,-0.9425939245168782,7.949134746585344
464,-2.4990688180384626,11.277068013073727
465,-0.3073266725448417,6.4438753783923906
466,-2.996450628460368,12.179543478017557
467,-0.4487151780566109,6.763987917638605
468,-2.6872784805947734,11.643213238916589
469,-3.466217238394867,13.229988665335238
470,-0.4367973817113172,6.751539906553517
471,-1.0570605597923466,8.079731435368885
472,-0.838086785574139,7.442312208703985
473,-0.8420650985772461,7.568536462587626
474,-0.4640455520007379,6.878535742203249
475,-0.6100036870463641,7.202635977773934
476,-0.27402306145099653,6.378456756056492
477,-0.6236660883823181,7.125305716801474
478,-2.859228632155343,12.158849085045123
479,-0.06183591639825257,5.647983706131102
480,-0.8180358064872991,7.616756307996329
481,-4.139380803179982,14.78019413613099
482,-2.582945143799004,11.400564197371054
483,-3.076879065922825,12.68890145954568
484,-2.419049687908392,11.153834773806825
485,-5.345338274226983,17.303529739404787
486,-2.435616573828959,11.032490705303857
487,-1.1827655681207434,8.383102685538084
488,-5.196180827801159,16.963296097545665
489,-0.37722047310299445,6.485906722796644
490,-0.3388849411901219,6.623197183157466
491,-3.9905193329237916,14.843478606679717
492,-2.5187406378872423,11.113034306133798
493,-0.8816640389379027,7.671652427888838
494,-0.658118630542268,7.169459971700705
495,-2.621890707239152,11.590056337649063
496,-2.1135681372762045,10.135836002223357
497,0.21946648447628245,5.139572065480281
498,-0.014994940978059042,5.670492360104154
499,-0.252201376012061,6.272284507138384
500,-0.02248036923095911,5.66264742800904
501,-0.01268873915396672,5.557982691964572
502,-1.0095757872830151,8.11700426987217
503,-0.4347200033100625,6.806173807158515
504,-2.6872784805947734,11.643213238916589
505,-3.4778924142620227,13.327850978406575
506,-0.9809921210806155,7.873995020514547
507,-5.085010424224451,16.71653431188638
508,-1.3207043766524822,8.797588543549415
509,-1.6875110692104929,9.26792305986883
510,-1.09266736461748,8.195942086051595
511,-0.7428991878520369,7.397761083257036
512,-3.4087784823131395,13.15045562554917
513,-4.021648421107454,14.47624943096845
514,-3.104166150160744,12.54236435864254
515,-2.6283525193473762,11.459593550126474
516,-0.2589124763461163,6.232490887644808
517,-2.967341563169197,12.14871971694053
518,-2.3872096158162397,11.039528398516875
519,-2.3456712048991792,11.003841159976481
520,-2.647108816145061,11.700141457931453
521,-0.29644432205412674,6.427087794269724
522,-0.2643617000613026,6.300420684130802
523,-1.1501342641135044,8.243645080622468
524,-3.2422571139713074,12.755360117935094
525,-2.4044326887572867,11.030308840864382
526,0.759309884366965,3.621330331760329
527,-0.663437891263294,7.092397673988136
528,-5.379163116768666,17.35118797808063
529,-0.6274399078689975,7.224901238152471
530,-2.5294043804521054,11.349715423753793
531,-5.229234103904701,17.045453556805263
532,-2.866553429021614,12.163737119050312
533,-3.0750993729958283,12.438546671392505
534,-3.057716050278943,12.401052834930926
535,-1.2813647868291065,8.556596940820143
536,-0.3583580312522325,6.242983530777696
537,-2.073666181399048,10.286131636744294
538,-2.7441237883383485,11.749401057682899
539,-0.6356113947869856,6.997128544649803
540,-5.120824508669791,16.80122536574168
541,-2.542769637405012,11.376020670136135
542,-0.388566637622795,6.568897911199823
543,-0.49835469767902174,6.993446848369844
544,-0.6021444271997086,7.291775636010451
545,0.0022914653168741033,5.638085000112282
546,-0.607406998921708,7.18411136695125
547,-1.9373987857158528,10.067718765699075
548,-0.5963143673731791,7.165799334898824
549,-0.39699868783301917,6.559007229483739
550,-2.5085939816180423,11.299579910065919
551,-0.3407125832569802,6.402305558331361
552,-3.1042818991286913,12.541162035856228
553,-0.5392907694405065,7.112942111585673
554,-0.5665822614104153,6.739696273133861
555,-0.9200320333346348,7.6726301999988635
556,-2.4327554850691864,11.147992197599354
557,-1.2813647868291067,8.556596940820143
558,-1.1827655681207434,8.383102685538084
559,-0.6828366176176126,7.182789121367517
560,-0.8540175251923277,7.573392761032238
561,-1.146478098326742,7.912080806014837
562,-0.9809921210806157,7.873995020514546
563,-5.165156997516659,16.90036420790949
564,-1.9373987857158526,10.067718765699077
565,-2.947950559907144,12.12958447730324
566,-1.1387447248407037,8.31453956761275
567,-1.039263727045395,8.035375832787574
568,-4.375494693659102,15.247813992322085
569,-5.204201563617974,16.971533216603056
570,-0.5905944014327137,6.993987039778002
571,-0.8507765998514099,7.731082957751182
572,-3.533154359032305,13.526749300399658
573,-0.514172912247576,6.853233573800595
574,-1.468927900083061,9.069658662716547
575,-0.956280644062192,7.956372198232271
576,-2.453002358363336,11.036149125444766
577,-2.6319571489845752,11.472302005444462
578,-2.2734100666141637,10.758343297023059
579,-0.015444773574807483,5.623230857947708
580,-0.3645527638434727,6.5726982918337775
581,-0.14937758177096905,6.139479901805902
582,-3.4492124231107844,13.313127099272934
583,-2.4311379700465463,11.092893647093637
584,-0.3903203054785311,6.779282636327902
585,0.1196478334669892,5.360048425857113
586,-2.5302694455076313,11.352383548764102
587,-2.2163872902423782,10.677252710234182
588,-0.7430758775332619,7.413705092364004
589,-3.1297811746421784,12.899328025818889
590,-0.7861791430355032,7.505469968682496
591,-0.91453249761121,7.977461746627096
592,-1.2813647868291065,8.556596940820143
593,-0.6112399926507858,7.175679103206214
594,-1.9373987857158528,10.067718765699073
595,-0.43472000331006255,6.806173807158515
596,-3.404383348376601,13.287843700067656
597,-0.2111541317985028,6.272632197173355
598,-0.6149648448603248,7.234593550537516
599,-0.7759549830740214,7.358449911262367
600,-0.6608047829292704,7.194913215709957
601,-0.5830277786896056,7.088037574984066
602,-0.4925142808086108,6.618328525572771
603,-0.8180358064872991,7.616756307996329
604,-2.525345051228287,11.286880677836894
605,-0.8666001011936393,7.536674884030752
606,-5.1817312510262745,17.367938823476877
607,2.1357336847149373,0.14478170541753776
608,-0.5294034440662436,7.077500344572599
609,-2.5073917598122715,11.418885427191896
610,-2.5341471988493423,11.358612459595673
611,-0.15315110639455295,5.847697354177806
612,0.06427778304051769,5.514679748964606
613,-1.146478098326742,7.912080806014837
614,-0.5928786620784415,7.082566278884503
615,-2.2951004376452375,10.607450198358174
616,-1.8121565025561432,9.773481028089444
617,-0.8085377322253695,7.37554386023567
618,-2.154019796870699,10.28346070896709
619,-0.6873418004683068,7.344062505379372
620,-0.6993581294076067,7.133562134860307
621,-0.994869299210702,8.018758964077595
622,-1.0490887539013045,8.214444746383663
623,-0.8371723083015516,7.761619380823195
624,0.30699261896045676,4.840433608846119
625,-0.8418318008876831,7.476215700974167
626,-0.7527726142060729,7.461253940310368
627,-0.09976522622859105,5.860155791468035
628,-0.7416671302956155,7.410892127461583
629,-2.424035431722189,11.218564614359765
630,-0.6380160522446605,7.177770060735561
631,0.2054365852312235,5.074888881174692
632,-2.566537068945679,11.429798145878337
633,-0.49834789928780626,6.673410288805049
634,-1.1724879063600862,8.326976921621
635,-0.39307119701107923,6.709349878200152
636,-0.3437077305399952,6.433492056450644
637,-0.9714569473520409,7.821104780885977
638,-2.5408756375099304,11.375405546675033
639,-2.18446999865907,10.569153595708697
640,-1.184494599970904,8.390172615337521
641,-0.6828366176176129,7.182789121367516
642,-2.2153119259957332,10.520143576693856
643,-5.043973331673144,16.638075488760908
644,-0.43967010488996017,6.877881982083335
645,-1.0666038626683618,8.279684471432544
646,-0.25961767720796214,6.4187808915266205
647,-0.9001088738931304,7.820515838345182
648,-4.072966510463349,14.609528445334256
649,-1.2523158976093371,8.519425072656498
650,-3.4612810442056037,13.36591461231807
651,-0.6380160522446606,7.177770060735561
652,-0.6729012619236263,7.30129352060421
653,-0.46823760877540066,6.774814538328813
654,-0.5029759329722114,6.828433788022608
655,-0.24484889950244043,6.1354483928778984
656,-1.3207043766524824,8.797588543549416
657,-0.5534646809491137,6.9895941380091315
658,-0.9567901446833537,7.952166713685926
659,-0.9146240555181724,7.8501064115432895
660,0.44870663007092143,4.343964536090171
661,-1.1692182602323884,8.255397398724758
662,-2.5445345359606515,11.43840675224273
663,-0.5749599824938688,7.188977905303349
664,-2.3456712048991792,11.003841159976481
665,-0.7516020842335289,7.207067611678465
666,-2.345671204899179,11.003841159976481
667,-0.5665822614104155,6.739696273133861
668,-2.486119086866988,11.196287393187148
669,-0.8583092891466729,7.557918034709902
670,-1.9542081152925508,10.12456836121668
671,-1.083485657249395,8.300067805106245
672,-2.2866262830944413,10.7109391973306
673,-0.8816640389379026,7.671652427888838
674,-0.9059565249157129,7.789956056574283
675,-0.877411338772628,7.7916482676166074
676,-2.4406633989443725,11.11226550185755
677,-0.7609158256403538,7.613307998397068
678,-1.0781526694743735,8.10015765153555
679,-0.1712455238268392,5.882311171059509
680,0.09851745319735869,5.237714284525101
681,-0.8851471220440276,7.722997250103718
682,-1.1724879063600862,8.326976921621
683,-0.8669014774413519,7.660766230666918
684,-0.4268601996551975,6.867267484310814
685,-3.2465989647533955,12.71366930976292
686,-1.9132192068236193,9.910598341557742
687,-0.7170552148208356,7.27808881473635
688,-0.8596225358699161,7.4625727122953025
689,-0.3072276674824706,6.390692996817034
690,-1.2813647868291067,8.556596940820143
691,-2.400939632454608,10.932362073109715
692,-2.1362521666406726,10.42873200840453
693,-0.7277513683399385,7.15400873653507
694,-0.7223094545533338,7.28182874081082
695,-1.0834856572493952,8.300067805106247
696,-0.49483415007981457,6.904100183293717
697,-0.6274399078689975,7.224901238152471
698,-0.5830277786896059,7.088037574984067
699,-1.2406693808603582,8.425516173617776
700,-1.3207043766524822,8.797588543549415
701,-0.4977530174380188,6.87580816668638
702,-0.7975244243782306,7.65435451114404
703,-4.151220659143699,14.786480279555205
704,-1.083348147700824,8.06078530595765
705,-0.7223384931546837,7.474139204344413
706,-1.0383349066845058,8.124538932997158
707,-1.9991101134642033,10.332129034040957
708,-2.947950559907144,12.12958447730324
709,-0.46314183241141427,6.650909681625134
710,-0.2015775948739508,5.913014585357017
711,-0.6782788790542185,7.284486168376768
712,-2.63079167226421,11.328917661035064
713,-2.058583966171798,10.191841067121867
714,-0.9778302709257674,7.80253369779755
715,-2.5204811554276603,11.238085681766444
716,-1.4998126781454204,9.073840887514791
717,-2.489596471246935,11.380453884487986
718,-2.5809435451929748,11.374464219549896
719,-2.6927237815301726,11.624339775752885
720,-4.42683100761436,15.378519865253192
721,-2.71981314126191,11.815687431212725
722,-0.1564115581598566,6.028352548822512
723,-1.4267796784969495,8.681163235157676
724,-0.20157759487395066,5.913014585357017
725,-2.3304334689184882,10.96675410826899
726,0.7364852137578308,3.6004027713763254
727,-3.1039786250165875,12.54121765200236
728,-0.8371723083015516,7.761619380823195
729,-0.2394589541766286,6.217056393130866
730,-0.2947488059066708,6.398298401071444
731,-2.8194023766952743,11.934218904715006
732,-0.2394589541766286,6.217056393130865
733,-0.9421775969957462,7.787020547114775
734,-1.1371219890075939,8.209685345415583
735,-2.998325345849225,12.368251816474862
736,-1.9610446307302916,9.962229998730525
737,-0.35441796033114575,6.51151953011577
738,2.1357336847149373,0.14478170541753865
739,-1.0534938899145372,8.046649411430355
740,-0.5635825590053931,6.754840975383861
741,-0.6633664183263759,7.33533873106969
742,-3.4642024918167205,13.295623994206888
743,-5.196180827801159,16.963296097545665
744,-0.9216331802466822,7.670445890331903
745,-0.06441218732601378,5.695901126275255
746,-0.03810575609328834,6.002500948246353
747,-0.7516020842335291,7.207067611678466
748,0.1593179055868319,5.097334676148462
749,-2.200769713155648,10.68777807133803
750,-0.1932947134597565,6.1384148659562
751,-0.7802570201793672,7.430442897829483
752,-0.7974115628708099,7.3841901820851765
753,-0.2448488995024404,6.1354483928778984
754,-0.6052738229557576,7.0784737645249525
755,-2.1844699986590697,10.569153595708695
756,-0.012688739153966719,5.557982691964572
757,-3.0152418595699104,12.406519819690727
758,0.5646648241355953,4.141925920314391
759,1.828351354920477,1.8165053162113072
760,-0.5666630598145836,6.953695137314582
761,-0.6739715649357181,7.341020492781444
762,-2.775777353687476,11.82828777419251
763,-0.751602084233529,7.207067611678465
764,-0.23978760665217042,6.083341361629248
765,-2.733202152519821,11.747019810441993
766,-3.103978625016588,12.54121765200236
767,-0.19329471345975646,6.1384148659562
768,-2.412479578075045,11.099545199265638
769,-1.1827655681207434,8.383102685538084
770,0.4259619415145989,4.5473236651978
771,-0.48191616762266876,6.886596529818148
772,-0.32799408008354847,6.432358908668541
773,-3.0385939049944533,12.3595834237979
774,-5.379163116768667,17.351187978080635
775,-0.8422888255637446,7.394630959789132
776,-0.9809921210806155,7.8739950205145455
777,0.4259619415145989,4.5473236651978
778,-0.4983546976790217,6.993446848369844
779,-0.0011797030485683766,5.550561838272135
780,-0.5748633223140488,6.796481722120665
781,-1.146478098326742,7.912080806014837
782,-3.2401202641332065,12.862827828962674
783,-0.7759549830740214,7.358449911262365
784,-0.6532142499340511,7.0453987526052
785,-0.013432384612138044,5.477112440978749
786,-0.610003687046364,7.202635977773933
787,-5.043973331673143,16.638075488760904
788,-2.3456712048991784,11.003841159976478
789,-0.4773880172672215,6.705279946909189
790,-2.0257630046229385,10.160269936813503
791,-2.3803715504767795,10.954691120373557
792,0.007829617443326872,5.589895587671379
793,-2.5809435451929748,11.374464219549896
794,-0.9855121311015482,8.022505812287045
795,-2.8877592660716647,12.152629689662557
796,-0.7070706200118886,7.455637754587764
797,0.2315917552646294,4.961838790347961
798,-1.1724879063600862,8.326976921621
799,-1.9991101134642038,10.332129034040957
800,-2.687278480594774,11.64321323891659
801,-0.9641571435996164,8.005897475511084
802,-3.000776362246601,12.405877178566946
803,-0.40004385211240456,6.716366896894867
804,-1.2194466190756579,8.527100850114472
805,-0.2518531710992114,6.549000474408589
806,-0.34370773053999515,6.433492056450645
807,-0.4927797629580107,6.996050618823982
808,-0.06393921728226884,6.0788372510758
809,-2.5341471988493405,11.358612459595667
810,-0.91453249761121,7.977461746627096
811,-1.2724882027118747,8.676271009112476
812,-2.3304701285062683,10.917292517168354
813,-2.2152354307057154,10.582657460141597
814,-0.44691313675295435,6.661633304091051
815,-0.014994940978059056,5.670492360104154
816,-0.4014609637891469,6.492144121691457
817,-0.976724240135682,8.025662032785629
818,-1.2523158976093371,8.519425072656498
819,0.18820112426375282,5.139006107308754
820,-1.2523158976093371,8.519425072656498
821,-1.131093397023035,8.261847132655902
822,-2.5341471988493414,11.35861245959567
823,-1.1724879063600862,8.326976921621
824,-0.5896621918758734,7.270092873317477
825,-2.379841623634939,10.980181257145915
826,-2.4311379700465476,11.092893647093641
827,-2.5408756375099304,11.375405546675033
828,-2.3341568814096747,10.864744355393036
829,0.03823848475950794,5.328033259563594
830,-2.4665284615376812,11.171817672818346
831,-0.6581186305422678,7.169459971700703
832,-0.8583092891466726,7.557918034709901
833,-0.7861791430355032,7.505469968682496
834,0.11964783346698923,5.360048425857113
835,-3.2422571139713074,12.755360117935094
836,-0.9930535714053862,7.98248507676382
837,-0.7416671302956156,7.410892127461581
838,-0.24484889950244035,6.1354483928778984
839,-2.4913991372360815,11.141100918077946
840,-2.600192436784994,11.349119034110824
841,-0.611239992650786,7.175679103206214
842,1.1148841564612155,2.695713475551756
843,-0.8369455107295821,7.525535173131222
844,-1.0715066889815885,8.059317278488361
845,-2.342248513152233,10.806937555661744
846,0.2637533052696419,4.930397386927824
847,-1.272246102767691,8.655882755752675
848,-0.13988228675517364,5.975527748818608
849,-0.8604587193969636,7.553994590155861
850,-3.246598964753395,12.713669309762919
851,-0.811211071371681,7.6641738720167805
852,-0.9421775969957459,7.787020547114774
853,-0.2111541317985028,6.272632197173355
854,0.3733244547937825,4.660330885844332
855,-0.09735907915090125,5.7644797991781624
856,-3.5019375680753693,13.382840561006368
857,-2.7504197468241993,11.78594254652717
858,-0.8774113387726281,7.7916482676166074
859,-0.09291842407724642,5.820108235405073
860,0.18863064075576788,4.975831863768666
861,0.1478418877611817,5.217599801965024
862,-1.6890774245985078,9.30823637505
863,1.1148841564612153,2.695713475551758
864,1.240876595945875,2.433708693063084
865,-2.7051970613151433,11.559918170759232
866,-1.053493889914537,8.046649411430353
867,-0.7080394945529992,7.134774502496598
868,-0.9408349598810051,7.911839196646117
869,-3.2522630691470096,12.822632671862266
870,-3.2422571139713074,12.755360117935094
871,-0.8496371359372439,7.655895784601153
872,-2.127847189404251,10.470939996025137
873,-2.7916988068560022,11.871011683104543
874,-0.8269018775828892,7.582743296439096
875,-0.8816640389379024,7.671652427888837
876,-0.6796624826457964,7.345076799328014
877,-1.1240191822406558,8.241071854432397
878,-1.1205437234759699,8.30019436555825
879,-1.184494599970904,8.390172615337521
880,0.23416343003225082,4.871624561641258
881,-1.039263727045395,8.035375832787574
882,-0.46314183241141416,6.650909681625133
883,-1.09266736461748,8.195942086051595
884,-3.5142828503865697,13.459520537152315
885,-2.4205337246908956,11.112185671927504
886,-1.960925823963773,9.902997357691087
887,-0.09083697823180728,5.550695583420295
888,-1.1923291987333924,8.44400125080677
889,-2.904382547212421,12.033330693043244
890,-0.9001088738931304,7.820515838345182
891,-0.7802570201793675,7.430442897829481
892,-0.752772614206073,7.461253940310369
893,-0.9562806440621922,7.956372198232271
894,-3.449212423110785,13.313127099272936
895,-2.6001924367849947,11.349119034110826
896,-2.4707768597679447,11.260175724849477
897,-6.2819567949272095,19.541574530303293
898,-2.590873654774943,11.475265161445838
899,-1.3402213095293491,8.698734440425406
900,-0.016669988505777243,5.668410063375483
901,-0.6608047829292703,7.194913215709958
902,-2.9816241251742635,12.238436997436633
903,-2.996450628460368,12.179543478017557
904,-0.6101122916877201,7.12986946799621
905,-0.012688739153966695,5.557982691964572
906,-4.368792465571566,15.432235237578855
907,-0.34332627719390224,6.491123917318017
908,-0.6356113947869858,6.997128544649801
909,-0.7123939127621932,7.199743754716549
910,-0.5043586522677616,7.037533036172858
911,-2.7916988068560027,11.871011683104545
912,-0.8740837401678829,7.590846416619207
913,-0.726635236171324,7.503458436146998
914,-5.229234103904703,17.045453556805267
915,-0.7609158256403539,7.613307998397069
916,-0.7428991878520369,7.397761083257036
917,-0.542910776416002,6.944340922173049
918,-0.7678322544394545,7.601950202889904
919,-0.5830277786896058,7.088037574984066
920,-3.2522630691470096,12.822632671862266
921,-0.3539246184405047,6.523839632594404
922,-0.42699455675600284,6.6621249424213
923,-0.3122733694971198,6.6336022771827805
924,-0.7802570201793673,7.430442897829481
925,-0.5321331659582463,6.8468438007772345
926,-0.5817233716588908,7.258248304580544
927,-0.796096806857509,7.599654038873454
928,-0.7332268198625533,7.501284202770332
929,-0.8040464101040957,7.564656096578357
930,-1.3178076981538807,8.76763546633692
931,-2.629162433743979,11.48312173932956
932,-0.7157946338071065,7.446050526129639
933,-0.7223094545533338,7.28182874081082
934,-0.792347067827147,7.440394690964716
935,-0.383861224331576,6.4509128924595185
936,-0.8816640389379027,7.671652427888838
937,0.20127565567638392,5.142646715171451
938,-0.9216331802466822,7.670445890331903
939,-2.7104487665485753,11.795520980378544
940,0.17555406471334228,5.04371206821307
941,-0.9778302709257674,7.802533697797549
942,0.3490824249014112,4.5298726945807
943,-0.5928786620784415,7.082566278884503
944,-1.7172101706608516,9.611654028790129
945,-1.7172101706608518,9.61165402879013
946,-0.7475926538167644,7.511440952495776
947,-0.9809921210806157,7.873995020514547
948,-0.6946977265494623,7.194399254546875
949,-0.7560337063715269,7.286581685054908
950,-0.6840013505752338,7.275324247470439
951,-2.7720910148341593,11.864812491336036
952,-0.5400994448308932,6.8897232075612855
953,-2.628141950986846,11.506054449155291
954,-1.0383349066845058,8.124538932997158
955,-1.09266736461748,8.195942086051595
956,-3.40877848231314,13.15045562554917
957,-0.08906805889304609,5.964400148349991
958,-1.9542081152925512,10.124568361216681
959,-0.9562806440621923,7.95637219823227
960,-0.6828366176176129,7.182789121367517
961,-0.9555163761702337,7.880880526269516
962,-0.9809921210806157,7.873995020514547
963,0.11854764960127467,5.184501416052101
964,-3.057716050278942,12.401052834930923
965,-0.8816640389379024,7.671652427888839
966,-0.653800945411708,7.43640358369457
967,-0.5622122249912489,7.220055040141917
968,-2.426702430628246,11.175528820978618
969,-0.7892312761660645,7.481462061221892
970,-0.5665822614104155,6.739696273133862
971,-0.8669014774413519,7.660766230666918
972,-0.5817233716588908,7.258248304580544
973,-0.48191616762266876,6.886596529818148
974,-0.9689337799027494,7.879745647956344
975,-0.5740762663787945,7.1595745622397295
976,-0.4640455520007377,6.8785357422032485
977,-0.34332627719390224,6.491123917318017
978,-0.13548569643186875,5.898086398352114
979,-3.4778924142620227,13.327850978406575
980,0.26375330526964197,4.930397386927824
981,-0.7919677917946432,7.607910323454534
982,-3.455826812917012,13.209149509583803
983,-0.712393912762193,7.199743754716548
984,-0.8290886141380207,7.653191086741427
985,-1.0855102568128667,8.124881050875944
986,-0.44299331031279765,6.889348223973016
987,0.5380047485442615,4.035054080845006
988,0.7364852137578306,3.600402771376326
989,-2.4913991372360824,11.141100918077946
990,-2.664768443549104,11.546996717725154
991,-0.9458134913884982,7.9000647895014495
992,-0.5498786210535247,7.053910934870681
993,-0.17020143842195068,6.115246130394876
994,-0.6873418004683067,7.344062505379371
995,-1.184494599970904,8.390172615337521
996,-1.2142195008010628,8.394893829338317
997,-0.24826315909197672,6.3650156730550265
998,-0.9778302709257674,7.80253369779755
999,-0.11729185140005223,6.0991616365024734
1000,-2.6205314268353033,11.380609880510711
1001,0.060851416190880504,5.448076137717518
1002,-2.0518077173818496,10.090991504766311
1003,-3.6123178359527475,13.679654036644997
1004,-1.3696241497631032,8.917715101258759
1005,-0.18946250773689613,5.822884863946065
1006,-0.5063218452330956,6.735293086782109
1007,-0.43205893272756407,6.497348051324824
1008,-0.9405151771825322,7.948960336627373
1009,-2.512362845558604,11.308575508281374
1010,-0.7802570201793675,7.430442897829483
1011,-0.6274399078689975,7.224901238152471
1012,-1.0229762348656295,8.172254344512034
1013,-2.419513984448621,10.956185033474718
1014,-0.994869299210702,8.018758964077595
1015,-0.9719744891300945,8.047673710511623
1016,-0.2643617000613026,6.300420684130802
1017,-5.196180827801159,16.963296097545665
1018,0.2194664844762825,5.139572065480282
1019,-0.4640455520007376,6.8785357422032485
1020,0.19669342221776473,5.205173425660076
1021,-0.46314183241141427,6.650909681625134
1022,-5.1097399783762105,16.78070033731763
1023,-0.9491878684799095,7.914020499091675
1024,-0.38147084880642396,6.719159514273566
1025,-0.6095897583948483,6.997723457919124
1026,-3.0371332490305782,12.45614396086687
1027,-0.20698086945370156,6.072625845871836
1028,-2.5122631784534035,11.1712903653983
1029,-0.2902175772418591,6.466306433192627
1030,-3.009988452607087,12.246587045791996
1031,-0.9767242401356824,8.025662032785629
1032,-0.3377364889540805,6.278159087300697
1033,-0.42446828605427356,6.837815526993801
1034,-2.521053557928974,11.329466329611908
1035,-0.038152141860797815,5.667080012269923
1036,-0.544220200220233,7.185400998999047
1037,-3.264500365276503,12.803272036967108
1038,-0.11729185140005229,6.0991616365024734
1039,-0.40896191373793084,6.72398889289172
1040,-2.5341471988493414,11.358612459595669
1041,-1.1923291987333924,8.44400125080677
1042,-2.6703792640743957,11.647773806093863
1043,-0.7879004138069545,7.492670848329233
1044,-0.3707452100783043,6.530697828412517
1045,-0.6356113947869859,6.997128544649803
1046,-1.2434021035928635,8.416520660790576
1047,-0.1056623427935949,5.770363025049882
1048,1.100400587784929,2.7832343436756304
1049,-2.0883712280299247,10.464573100251487
1050,-0.6828366176176129,7.182789121367516
1051,-0.3747782385409959,6.570418104140386
1052,-0.5142533450120685,6.993660018272879
1053,-2.0188230920775254,10.288135913908862
1054,0.8190909370284285,3.5298356586598003
1055,-0.7570482235145655,7.3207164041681025
1056,-1.0570605597923461,8.079731435368885
1057,0.07000857014977417,5.467413316006658
1058,-2.5338492680361435,11.360946425700917
1059,-0.5046574068616633,6.841579092924026
1060,-2.6972054232657774,11.568715310433223
1061,-0.6581186305422678,7.169459971700703
1062,-0.5379507719788778,6.95168977117409
1063,-2.2007697131556485,10.68777807133803
1064,-0.947371779509348,7.766875455261186
1065,-0.8851471220440276,7.722997250103718
1066,-0.5294034440662436,7.077500344572599
1067,-1.0182221972511358,7.966061967702203
1068,-0.8666001011936395,7.536674884030754
1069,-2.943051047340989,12.220530250341593
1070,-0.7430758775332617,7.413705092364003
1071,-0.8986189218063682,7.846828754869878
1072,-0.55551973479522,6.883807982700497
1073,-2.5085939816180427,11.29957991006592
1074,-3.3900036052260436,13.158847112364985
1075,-0.29020764230221313,6.442492798237857
1076,0.38042551935718244,4.7139639068721
1077,-0.6600178224345706,7.154824831275922
1078,-2.4745822945134544,11.266303978261682
1079,-2.4530023583633365,11.036149125444767
1080,-0.7080394945529992,7.134774502496598
1081,-0.4268601996551975,6.867267484310814
1082,-0.4431855865515035,6.715897576187558
1083,-0.994869299210702,8.018758964077595
1084,-0.6237049114528076,7.357863444909761
1085,-0.5555197347952199,6.883807982700496
1086,-0.9637299128642286,7.923672269768085
1087,-2.625800210594251,11.597295670269762
1088,-1.2623621929313347,8.655211146926003
1089,-2.7916988068560022,11.871011683104543
1090,-5.28281598816536,17.175506159941797
1091,-1.760883146231958,9.427706417958113
1092,-0.8816640389379025,7.671652427888839
1093,-3.2202171215700037,13.099469664051696
1094,0.5646648241355956,4.1419259203143906
1095,-0.6052738229557576,7.0784737645249525
1096,-2.687278480594774,11.64321323891659
1097,-1.2142195008010632,8.394893829338319
1098,-1.014054041867105,8.056234203417132
1099,-2.426702430628246,11.17552882097862
1100,-0.13988228675517364,5.9755277488186085
1101,-0.3437077305399952,6.433492056450645
1102,-0.6274399078689974,7.22490123815247
1103,-0.017689651365907038,5.6605652800102355
1104,-0.6581186305422679,7.169459971700704
1105,-2.733202152519821,11.747019810441993
1106,-0.7570482235145655,7.320716404168102
1107,-2.466528461537681,11.171817672818346
1108,-0.06923609643841473,5.836576220358567
1109,-3.0099884526070877,12.246587045792
1110,-0.7759549830740214,7.358449911262367
1111,-0.47738801726722135,6.705279946909189
1112,-0.7440798690322642,7.370148240120163
1113,-5.233569489181385,17.028622945890824
1114,0.015435192764283416,5.6930617943278214
1115,-2.582945143799004,11.400564197371054
1116,-0.4457512912692835,6.771358014466237
1117,-0.34300175319404136,6.307098147551531
1118,-0.9310711895616613,7.750756436923368
1119,-0.4819161676226689,6.886596529818148
1120,0.23416343003225074,4.871624561641258
1121,-0.9878996568286577,7.802688538927367
1122,-3.075099372995828,12.438546671392501
1123,-2.5341471988493414,11.35861245959567
1124,-0.7416671302956155,7.410892127461583
1125,-0.0011797030485684117,5.550561838272134
1126,1.1980264528363496,2.591347594309402
1127,-2.0518077173818496,10.090991504766311
1128,-0.5905944014327137,6.993987039778002
1129,-0.10566234279359489,5.770363025049881
1130,-1.0715066889815885,8.059317278488361
1131,-2.231466884469766,10.661249598921628
1132,-0.5294034440662436,7.077500344572599
1133,-0.993053571405386,7.982485076763819
1134,-0.7885544023781629,7.639458684920502
1135,-0.7879004138069545,7.492670848329233
1136,-0.6744627462717979,7.244459904005725
1137,-0.3437077305399951,6.433492056450644
1138,-0.49775301743801886,6.87580816668638
1139,-1.9987087673759623,10.326963823396955
1140,0.002756892470676561,5.527815708236469
1141,-0.8816640389379026,7.671652427888838
1142,-0.5063218452330956,6.735293086782109
1143,-0.3407125832569802,6.402305558331362
1144,-1.0773303213179335,8.166798264106438
1145,-1.061289131581156,8.215999042183672
1146,-3.2422571139713074,12.755360117935098
1147,-0.20556308759813524,6.096512467128801
1148,-0.2042020225410374,6.030172685509026
1149,-2.375976418715243,10.934929990238192
1150,-0.5289373062185458,7.049655560306375
1151,-0.5029759329722115,6.828433788022608
1152,-0.6514920468929442,7.19601043184278
1153,-3.0574807233417487,12.315330760822812
1154,-2.7441237883383485,11.7494010576829
1155,-0.3067433752533195,6.264032210453513
1156,-0.2723000173300605,6.347747525099667
1157,-0.9689337799027493,7.8797456479563435
1158,-0.9562806440621924,7.956372198232271
1159,-1.1205437234759696,8.30019436555825
1160,-0.8583092891466725,7.5579180347099015
1161,-0.760915825640354,7.613307998397069
1162,-0.4927797629580107,6.996050618823982
1163,-2.2951004376452375,10.607450198358174
1164,-0.8540175251923277,7.573392761032238
1165,-1.026166393288027,7.952070772487053
1166,-1.1692182602323884,8.255397398724758
1167,-2.6703792640743957,11.647773806093863
1168,-0.47792356247636325,6.839500701237123
1169,-1.2724882027118745,8.676271009112476
1170,-2.5809435451929743,11.374464219549896
1171,-2.6773358724013296,11.601197606683648
1172,-0.14875850248087694,6.095561516892647
1173,0.010079962832642021,5.457841393732772
1174,-0.7787164335664427,7.353472175070732
1175,-0.9689337799027492,7.8797456479563435
1176,-0.8141674262092318,7.6872213129093225
1177,2.147450865598772,0.151746758263533
1178,-1.0926673646174803,8.195942086051597
1179,-0.5928786620784415,7.082566278884504
1180,-1.026166393288027,7.952070772487053
1181,-5.617018755811827,18.037079125058757
1182,-0.5142533450120685,6.993660018272879
1183,-0.9503287141817861,7.708032081396572
1184,-4.021648421107454,14.476249430968448
1185,2.1474508655987723,0.15174675826353212
1186,-0.5830277786896059,7.0880375749840665
1187,-0.6731327118330334,7.221565362888129
1188,-0.1952347094813178,6.11190718854384
1189,-2.518740637887243,11.1130343061338
1190,-1.7090390795142272,9.562040149445373
1191,-1.6875110692104933,9.267923059868831
1192,-0.39551347855606866,6.705911917690609
1193,-0.11923238367864353,5.948992898020061
1194,-0.8816640389379026,7.671652427888838
1195,-0.08906805889304613,5.964400148349991
1196,-2.489596471246934,11.380453884487984
1197,-0.5748633223140491,6.796481722120665
1198,-0.5196104758336433,6.853405894565841
1199,-0.29021757724185904,6.466306433192627
1200,-0.7440798690322641,7.370148240120163
1201,-3.1981781173897503,12.606213251654387
1202,-3.434721091495608,13.259187685356984
1203,-0.43216446250598944,6.8932938273418
1204,-0.6782788790542185,7.284486168376766
1205,-0.801095631559394,7.608169772624171
1206,0.23416343003225076,4.871624561641258
1207,-0.374778238540996,6.570418104140385
1208,-2.6647684435491032,11.546996717725152
1209,-0.23978760665217055,6.083341361629248
1210,-0.6100036870463642,7.202635977773934
1211,-0.7879004138069544,7.492670848329232
1212,-2.5549029567512873,11.47735538565356
1213,-3.0574807233417483,12.315330760822812
1214,-1.1387447248407034,8.31453956761275
1215,-2.6790634529124504,11.66848551846693
1216,-2.629162433743979,11.483121739329558
1217,-0.5063218452330956,6.735293086782109
1218,-0.20556308759813524,6.0965124671288
1219,-0.3437077305399952,6.433492056450644
1220,-2.6319571489845757,11.472302005444464
1221,-0.5043586522677617,7.037533036172858
1222,-0.2596176772079622,6.4187808915266205
1223,-3.40877848231314,13.15045562554917
1224,-0.5555197347952198,6.883807982700497
1225,-0.8180358064872992,7.616756307996329
1226,-2.204320918371437,10.698838000241281
1227,-4.095180153821481,14.643293466372466
1228,-2.582946987221457,11.467307313727064
1229,-1.0735695177479465,8.031738921318974
1230,-0.7802570201793672,7.430442897829483
1231,-0.7802570201793673,7.430442897829481
1232,-2.4171535786790903,11.205545574622114
1233,0.6584894101619124,4.477012543358321
1234,-0.2643617000613026,6.300420684130802
1235,-0.6146854809566393,6.911676200864546
1236,-2.400939632454608,10.932362073109715
1237,-0.09976522622859103,5.860155791468035
1238,-0.6889788841920728,7.421590154337884
1239,-1.053493889914537,8.046649411430355
1240,-2.286626283094442,10.710939197330603
1241,-2.553233206734753,11.403000377683433
1242,-2.967341563169198,12.148719716940533
1243,-2.553057525575414,11.246917814972335
1244,-0.7530264131314305,7.584200806174458
1245,-2.9853265768990274,12.211816757990857
1246,-0.49835469767902174,6.993446848369845
1247,-0.4949959806537215,6.7320342850281545
1248,-0.49834789928780626,6.673410288805049
1249,-1.1387447248407037,8.31453956761275
1250,-0.8141674262092315,7.6872213129093225
1251,-0.388566637622795,6.568897911199823
1252,-0.6739715649357181,7.341020492781444
1253,-4.301353564203674,15.363008408113895
1254,-2.419513984448621,10.956185033474718
1255,-1.9570540850777378,10.194220526011462
1256,-2.77209101483416,11.864812491336039
1257,-3.25226306914701,12.822632671862266
1258,0.042477926681632264,5.560596238649923
1259,-0.6146854809566393,6.911676200864546
1260,0.18863064075576785,4.975831863768666
1261,-0.07293594827866222,5.684966960954599
1262,0.4241484922798324,4.354089948868945
1263,-0.2397876066521704,6.083341361629246
1264,-1.9642671330118568,9.928308363798582
1265,-0.311750656379345,6.516448012921675
1266,0.16035230727819902,5.1002756074736535
1267,-0.7203815583535346,7.380582629074185
1268,-0.13548569643186878,5.898086398352113
1269,-1.0781526694743733,8.10015765153555
1270,-2.7757156084413364,11.873562717847086
1271,-2.215235430705716,10.582657460141597
1272,-2.524796051056326,11.390905036822591
1273,-0.39307119701107923,6.709349878200151
1274,-0.20556308759813524,6.0965124671288
1275,-1.005408592282031,8.0758757311579
1276,-1.0054085922820315,8.0758757311579
1277,-0.9689337799027495,7.879745647956344
1278,-3.017174984358468,12.312887127424176
1279,-0.6873418004683068,7.344062505379371
1280,-0.4712073116911964,6.944974278021947
1281,-0.4897731529803438,6.911101226368623
1282,-2.4861190868669882,11.19628739318715
1283,-0.6095897583948482,6.9977234579191245
1284,-0.3574269360765123,6.430615505458018
1285,-2.2007697131556485,10.68777807133803
1286,-0.61011229168772,7.12986946799621
1287,-1.1176107248605496,8.199744987004925
1288,-0.8112110713716811,7.6641738720167805
1289,-0.5795366405821394,7.2593578079379055
1290,-2.4760615324654762,11.267402700546118
1291,-3.292935135813797,13.064570545640452
1292,-0.8416680251870509,7.79643084279429
1293,-1.087989801306691,8.062363173823051
1294,-1.446140396553426,8.939058128454414
1295,-0.8816640389379024,7.671652427888837
1296,-0.6631091858027827,7.47131223964081
1297,-1.159989856015791,8.325718590240701
1298,-0.8112110713716808,7.6641738720167805
1299,-2.4890915194518213,11.118204544418731
1300,-0.5936329438298876,7.306926232838126
1301,-0.8816640389379025,7.671652427888839
1302,-2.046091360747067,10.352448657730285
1303,-2.023857399687489,10.33894857839346
1304,-1.8530906086782386,9.757411588826775
1305,-0.8827848468327884,7.766928948534488
1306,0.1286056482866321,5.661534397075362
1307,-3.094261081321875,12.509345313599031
1308,-0.4404516161353771,6.865453348939384
1309,0.08799259184144406,5.505712940601034
1310,-0.8112110713716809,7.6641738720167805
1311,0.4394727620885492,4.366340546828985
1312,-2.4044326887572867,11.030308840864382
1313,-0.2723000173300605,6.347747525099667
1314,-0.1564115581598566,6.028352548822511
1315,-2.6258002105942504,11.597295670269762
1316,-0.5429475035477751,7.037638314098009
1317,0.015435192764283392,5.6930617943278214
1318,-1.0229762348656295,8.172254344512034
1319,-0.5555197347952199,6.883807982700498
1320,-0.6380160522446605,7.177770060735561
1321,-0.841668025187051,7.79643084279429
1322,-0.49277976295801074,6.996050618823984
1323,-0.3568850127405825,6.434444446756432
1324,-0.7203815583535346,7.380582629074185
1325,-0.5491434630147157,7.13406190365502
1326,-0.8507765998514097,7.731082957751182
1327,-1.813233278809144,9.832074874104984
1328,-0.6581186305422678,7.169459971700703
1329,-1.9944510554033823,10.198613554956335
1330,-1.5174309043212242,9.14295318425992
1331,-3.3900036052260436,13.158847112364985
1332,0.26375330526964186,4.930397386927824
1333,-0.6074069989217081,7.184111366951252
1334,-2.733202152519821,11.74701981044199
1335,-3.1731894296528713,12.826777796215117
1336,0.27143437705883494,4.856492793411863
1337,-0.2531114148608037,6.182781566205096
1338,-2.791698806856003,11.871011683104545
1339,-0.33888494119012197,6.623197183157467
1340,-2.967341563169197,12.14871971694053
1341,-2.507423891643564,11.296608402117352
1342,-0.18708834693676443,6.208718307574253
1343,-2.4913991372360815,11.141100918077946
1344,0.06966448214567443,5.431255792050902
1345,-2.182722401917133,10.598719455116814
1346,-0.34876414536250894,6.530728905712888
1347,-2.4913991372360824,11.141100918077946
1348,-0.877411338772628,7.7916482676166074
1349,-0.6095897583948482,6.9977234579191245
1350,-4.013149478061608,14.446332761064179
1351,-1.0273419802551804,7.894900915093056
1352,-1.1205437234759696,8.30019436555825
1353,-2.2413598995310875,10.735142144905344
1354,-2.7709902311975183,11.811314454298579
1355,-2.7709902311975187,11.81131445429858
1356,-2.424035431722189,11.218564614359765
1357,-0.46823760877540066,6.774814538328813
1358,-0.9948548612356742,7.809296834878921
1359,-0.6796624826457964,7.345076799328014
1360,-2.0601897228312955,9.989904029535275
1361,-2.261347875770243,10.781929855490105
1362,-0.7394096090104296,7.473940627243266
1363,-2.5341471988493414,11.358612459595669
1364,0.26375330526964197,4.930397386927824
1365,-1.813233278809144,9.832074874104983
1366,-2.231466884469766,10.661249598921628
1367,-0.6250533617498082,7.36809809495019
1368,-0.036372745857605915,5.627780330280938
1369,-0.2997179667897313,6.474972102292349
1370,-0.35493316733485797,6.499721459154339
1371,-0.2553073083415774,6.080411283149112
1372,-2.65953999590621,11.62213050899891
1373,-0.0381521418607978,5.667080012269924
1374,-0.6274399078689974,7.22490123815247
1375,-4.301353564203675,15.363008408113899
1376,-1.9991101134642038,10.332129034040957
1377,0.1478418877611817,5.217599801965024
1378,-0.6112399926507859,7.175679103206214
1379,-2.7916988068560022,11.871011683104541
1380,-0.6359205739843453,7.400399057688673
1381,-2.5253450512282876,11.286880677836896
1382,-3.365950348515615,13.053075806593872
1383,-0.25891247634611636,6.232490887644808
1384,-0.2589124763461163,6.232490887644808
1385,-4.6851769875939935,15.949525684805565
1386,-2.678262373252687,11.5123799011748
1387,-2.7916988068560027,11.871011683104541
1388,-4.072966510463348,14.609528445334256
1389,-0.6356113947869857,6.997128544649801
1390,-2.67906345291245,11.66848551846693
1391,-0.31462796743558274,6.546644604631008
1392,0.16035230727819924,5.100275607473653
1393,-1.0773303213179335,8.166798264106438
1394,-0.7969711857776982,7.6894904331476965
1395,-2.582945143799004,11.400564197371054
1396,-2.7854447443382586,11.738719853115814
1397,-2.7104487665485757,11.795520980378546
1398,-2.947950559907144,12.12958447730324
1399,-3.264500365276503,12.803272036967108
1400,-1.9592776656855517,9.857769971267487
1401,-2.5829451437990034,11.400564197371052
1402,-1.083348147700824,8.06078530595765
1403,-1.9570540850777378,10.19422052601146
1404,-2.4510940189456103,11.080588040276208
1405,-0.24484889950244035,6.1354483928778984
1406,-2.956963904588999,12.183418934105209
1407,-3.1981781173897503,12.606213251654387
1408,0.06185497643031158,5.744470579585488
1409,-0.8816640389379024,7.671652427888837
1410,-3.0385939049944533,12.3595834237979
1411,-5.318147437093662,17.24589315414917
1412,-2.4861190868669882,11.19628739318715
1413,-0.5400994448308931,6.889723207561285
1414,-2.151833818823532,10.462446215618174
1415,-0.752772614206073,7.461253940310369
1416,-0.3221651644632975,6.599422751832076
1417,0.3360745763311541,4.805018326467472
1418,-1.9928549699090976,10.002942548915922
1419,-0.751602084233529,7.207067611678465
1420,-2.491399137236082,11.141100918077946
1421,-2.5427049758649,11.430651600364403
1422,-1.0486784970689382,8.127277244342691
1423,-2.7673294426125814,11.853517184659061
1424,-0.8928685699693706,7.740398093982513
1425,-0.49835469767902174,6.993446848369845
1426,-0.7516020842335289,7.207067611678465
1427,-3.1042818991286913,12.541162035856228
1428,-1.2623621929313347,8.655211146926003
1429,-2.831683143054486,11.890235624591451
1430,-2.430594989037092,11.23092327268687
1431,-2.625800210594251,11.597295670269762
1432,-5.239353429949097,17.064556177779753
1433,-0.5177241630556675,6.953369003462696
1434,-0.8496371359372438,7.655895784601153
1435,-0.6665275095817644,7.258938553772431
1436,-1.039263727045395,8.035375832787574
1437,-4.062924940813263,14.607958517508209
1438,-1.1447269544634406,8.178076071841124
1439,-0.5005557241213322,7.029124306747676
1440,-0.1336347950395823,6.015188016908541
1441,-0.6739715649357181,7.341020492781444
1442,-2.231466884469766,10.661249598921628
1443,-2.0188230920775254,10.288135913908862
1444,-0.8269018775828895,7.582743296439096
1445,-3.3544857368769057,13.031569274257249
1446,-1.0140540418671051,8.05623420341713
1447,-1.683089296313523,9.374438849640201
1448,-0.3117506563793449,6.516448012921675
1449,-1.468927900083061,9.069658662716547
1450,-5.085010424224452,16.716534311886385
1451,-1.053493889914537,8.046649411430353
1452,-0.9001088738931303,7.820515838345181
1453,-0.6782788790542185,7.284486168376766
1454,-0.81668130823042,7.60261064060397
1455,-2.8770464568851497,12.111921074899177
1456,-1.9592776656855517,9.857769971267485
1457,-2.6647684435491037,11.546996717725154
1458,-3.442488043437,13.399405901253715
1459,-1.2434021035928635,8.416520660790576
1460,0.7593098843669649,3.62133033176033
1461,-0.1493775817709691,6.139479901805902
1462,-0.3707452100783043,6.530697828412517
1463,-0.8040464101040957,7.564656096578357
1464,-0.8985808780254564,7.678210415698588
1465,-1.124019182240656,8.241071854432398
1466,-0.9562806440621922,7.956372198232271
1467,-2.6292494362750807,11.603544788230069
1468,-0.6151975751521753,7.2381271092353465
1469,-0.9001088738931304,7.820515838345182
1470,-0.4089619137379308,6.723988892891719
1471,-2.225794523675389,10.563158263127054
1472,-0.06319977889655364,5.902485118648939
1473,-1.4328952363180991,8.933831574697365
1474,-0.7332268198625533,7.501284202770332
1475,-1.0261663932880267,7.952070772487053
1476,-5.233569489181384,17.02862294589082
1477,-0.2448488995024403,6.1354483928778984
1478,-0.9842674782644464,8.034494193709918
1479,-0.6356113947869856,6.997128544649801
1480,-2.90302800224817,12.247749608145348
1481,-3.292935135813797,13.064570545640454
1482,-0.9001088738931304,7.820515838345182
1483,-0.038152141860797815,5.667080012269923
1484,-1.0229762348656295,8.172254344512034
1485,-3.3659503485156153,13.053075806593874
1486,-0.5331465611671775,6.956061224682372
1487,-2.1946021432751426,10.499003372718839
1488,-2.8515696010026215,11.885580853434512
1489,-0.47168770344202116,6.826351775490605
1490,-0.5491434630147156,7.13406190365502
1491,-2.8194023766952743,11.934218904715006
1492,-0.8800242640463073,7.8700350544814786
1493,1.073561612884943,2.8421015595547363
1494,-0.6095897583948483,6.997723457919124
1495,-2.621890707239152,11.590056337649061
1496,-4.997049370344405,16.85349045858386
1497,-2.43561657382896,11.032490705303859
1498,-2.384310144773807,10.913195770074827
1499,-0.6225839697677972,6.945276143631479
1500,0.7477306383003578,3.5243627437381893
1501,-5.200086496755521,16.981422713126904
1502,-2.2163872902423787,10.677252710234182
1503,-2.9569639045889997,12.183418934105209
1504,-0.37211310454105057,6.416844821377328
1505,-0.5817233716588908,7.258248304580544
1506,-1.0392637270453948,8.035375832787574
1507,-0.9766207705827661,7.906223273185515
1508,-0.9744455013125173,8.014545036387618
1509,-4.803149837203906,16.202371785724957
1510,-0.44691313675295424,6.66163330409105
1511,0.00651781475730215,5.644302894302378
1512,0.14936609208519255,5.409980890553475
1513,-2.345671204899179,11.00384115997648
1514,-1.0706742416224724,8.117188343061885
1515,-0.7170552148208358,7.27808881473635
1516,-0.6581186305422678,7.169459971700704
1517,-0.9778302709257676,7.802533697797549
1518,-0.8420650985772459,7.568536462587627
1519,-3.0750993729958265,12.438546671392501
1520,-0.5749599824938687,7.188977905303348
1521,-0.5400994448308932,6.889723207561285
1522,-2.38037155047678,10.954691120373557
1523,-0.6052738229557576,7.0784737645249525
1524,-0.6144811106396915,7.025550892867418
1525,-3.246598964753395,12.713669309762919
1526,-0.23978760665217047,6.083341361629246
1527,-1.468927900083061,9.069658662716547
1528,-5.165156997516659,16.90036420790949
1529,-2.3127067688054432,10.796272328301999
1530,-1.1724879063600862,8.326976921621
1531,-2.375976418715243,10.934929990238192
1532,-0.9200320333346348,7.672630199998864
1533,-1.0490887539013043,8.214444746383663
1534,-0.6237822812730295,7.355931742617753
1535,-2.7709902311975187,11.81131445429858
1536,-0.2332695436404451,6.107618337758544
1537,-0.4882395378617212,6.831275744928407
1538,-0.6356113947869857,6.997128544649801
1539,-2.7854447443382586,11.738719853115814
1540,-0.7975244243782308,7.65435451114404
1541,-1.0273419802551802,7.894900915093055
1542,-1.982877523733108,10.204363912233916
1543,-2.1946021432751426,10.499003372718839
1544,-1.0534938899145372,8.046649411430355
1545,-0.8816640389379025,7.671652427888839
1546,-0.8507765998514097,7.731082957751182
1547,-0.9405151771825322,7.948960336627373
1548,-0.027121909411447296,5.555742990838677
1549,-0.9473717795093479,7.766875455261186
1550,-2.77209101483416,11.864812491336039
1551,-0.6101122916877201,7.12986946799621
1552,-0.20157759487395077,5.913014585357017
1553,-2.9263301435319082,12.114780916425769
1554,-3.057716050278943,12.401052834930926
1555,-2.733202152519821,11.74701981044199
1556,-1.3738000010078966,8.809332435732529
1557,-2.3543462509422017,10.97338542588915
1558,-0.20556308759813524,6.0965124671288
1559,-1.9373987857158528,10.067718765699077
1560,-0.29381332796162263,6.355896330966922
1561,-0.5936329438298876,7.306926232838126
1562,-1.3072469848997137,8.713061479559869
1563,-2.6175883960729065,11.581982468110942
1564,0.30699261896045676,4.840433608846118
1565,-0.5969019060866854,7.053781033583743
1566,-1.0773303213179335,8.166798264106438
1567,-0.757329408895433,7.430124769041992
1568,-0.20556308759813519,6.096512467128799
1569,-0.2902175772418591,6.466306433192627
1570,-0.7475926538167649,7.511440952495777
1571,0.4290828812989332,4.467328855666323
1572,-1.1844945999709042,8.390172615337523
1573,-0.6378557925261497,7.010286032188289
1574,-0.5005557241213322,7.029124306747676
1575,-2.6151656065682736,11.499030388499381
1576,-2.989766111693257,12.489268443276092
1577,-0.8604587193969636,7.553994590155861
1578,0.42414849227983226,4.354089948868946
1579,0.1316374284254825,5.3748185057016755
1580,-0.015444773574807504,5.623230857947708
1581,-2.967341563169197,12.14871971694053
1582,0.5349387367810045,4.2770073253112715
1583,-0.5046574068616632,6.841579092924025
1584,-2.5809435451929748,11.374464219549896
1585,-0.4925142808086109,6.618328525572773
1586,-1.2656274562171503,8.611070866830048
1587,0.09851745319735868,5.237714284525099
1588,-0.7919677917946434,7.607910323454535
1589,-0.2089926556740152,6.1842491842042
1590,-2.1844699986590697,10.569153595708695
1591,-2.4887127578583366,11.223001349661537
1592,-0.40596873006810796,6.7668059150834035
1593,-0.8010956315593941,7.608169772624171
1594,-0.7892312761660645,7.481462061221894
1595,-1.9913145790854778,10.018020656690183
1596,0.7364852137578308,3.6004027713763254
1597,-0.6828366176176129,7.1827891213675175
1598,-0.2902175772418591,6.466306433192627
1599,-0.38147084880642396,6.719159514273566
1600,-0.5988803480256168,7.3121054475505725
1601,-0.6630185863538182,7.465303004793046
1602,-2.3388061984563895,10.885664670472277
1603,-0.7334802728852308,7.449992395032647
1604,-0.6356113947869859,6.997128544649802
1605,-0.09976522622859106,5.860155791468035
1606,-0.5586139956762005,7.025618820585609
1607,-0.06183591639825262,5.647983706131102
1608,-0.1354856964318688,5.898086398352113
1609,-5.166783369154527,16.885658365155123
1610,-0.611239992650786,7.175679103206214
1611,-2.6972054232657783,11.568715310433225
1612,-1.1387447248407032,8.31453956761275
1613,-2.5780361348940892,11.380952531754389
1614,-1.0906690288827854,8.217722282679139
1615,-0.7678322544394547,7.601950202889904
1616,0.614181337349178,4.099401566004152
1617,-2.0595792122403394,10.463153060938247
1618,-0.3691031610845234,6.446782481309674
1619,-0.6782788790542185,7.284486168376766
1620,-3.2522630691470096,12.822632671862262
1621,-2.4240354317221886,11.218564614359764
1622,-0.9727028444287898,7.735270518436751
1623,-5.41871515600592,17.466046055987533
1624,-0.514172912247576,6.853233573800594
1625,-0.02712190941144733,5.555742990838677
1626,-0.20556308759813524,6.096512467128801
1627,0.12864718565096347,5.110011657482386
1628,-0.8290886141380205,7.653191086741426
1629,-2.3304701285062674,10.917292517168352
1630,-0.9809921210806154,7.8739950205145455
1631,-0.5534646809491137,6.9895941380091315
1632,-0.8269018775828892,7.582743296439096
1633,-2.4745260204860613,11.261938229660284
1634,-2.981624125174263,12.23843699743663
1635,-0.6135229932051308,7.337645870001769
1636,-0.9689337799027496,7.879745647956345
1637,-0.017689651365907038,5.660565280010237
1638,-0.21563043575437738,6.312115953724456
1639,-0.6356113947869857,6.997128544649801
1640,-0.9562806440621922,7.956372198232271
1641,-1.1176107248605494,8.199744987004925
1642,-2.956963904588999,12.183418934105209
1643,-0.49953758043938007,7.042112625427805
1644,-2.947950559907144,12.12958447730324
1645,-0.7223094545533338,7.28182874081082
1646,-0.5586139956762004,7.025618820585607
1647,-0.2394589541766286,6.217056393130866
1648,0.051777590419560975,5.58653586854475
1649,-2.6073431172082255,11.457490181069275
1650,-3.0385939049944533,12.3595834237979
1651,-0.8290886141380207,7.653191086741427
1652,-0.8496371359372438,7.655895784601151
1653,-0.4022171325549748,6.694785602057582
1654,-0.6101122916877201,7.12986946799621
1655,-2.384310144773807,10.913195770074829
1656,-0.17096602789937945,5.983032898119243
1657,-2.554550355448499,11.667727953654499
1658,-0.2287027286586781,6.296684906428041
1659,-1.0756201268793144,8.317729181886214
1660,-0.022765481535026545,5.5089941528051165
1661,-0.29644432205412674,6.427087794269724
1662,-2.7784375342216494,11.880297857348243
1663,0.3804255193571824,4.713963906872101
1664,-1.1387447248407037,8.31453956761275
1665,-0.45889230046173773,6.578422687655904
1666,-0.46314183241141427,6.650909681625134
1667,-0.3424571908223873,6.6752727171045985
1668,-1.9373987857158532,10.067718765699077
1669,-0.0011797030485684158,5.550561838272135
1670,-2.985326576899026,12.211816757990855
1671,-1.09266736461748,8.195942086051597
1672,-0.9727028444287901,7.735270518436751
1673,-1.949441745272808,9.936231877545556
1674,-1.9373987857158526,10.067718765699077
1675,-0.5969019060866854,7.053781033583743
1676,0.0494611453101496,5.423888877739525
1677,-0.5063218452330956,6.735293086782109
1678,-0.07867055705895731,5.983166014967031
1679,-1.039263727045395,8.035375832787574
1680,-0.3132368444394217,6.1742363700489715
1681,2.2283677907720705,-0.08253071007902069
1682,-0.010024544392959885,5.708348910209555
1683,-2.7757773536874777,11.828287774192514
1684,-0.2947488059066708,6.398298401071444
1685,-2.448493109648273,11.060418825903666
1686,-0.3700836363435339,6.70601621838277
1687,-0.1121632860238637,5.943282712554538
1688,-2.5809435451929748,11.374464219549896
1689,-0.44691313675295435,6.661633304091051
1690,-0.956280644062192,7.95637219823227
1691,-1.3738000010078966,8.809332435732529
1692,-0.49177810014323564,6.815084393068501
1693,-0.663437891263294,7.0923976739881365
1694,-0.8774113387726279,7.791648267616608
1695,-0.5043586522677617,7.037533036172858
1696,-0.9744455013125171,8.014545036387617
1697,-0.5896621918758733,7.270092873317477
1698,-0.1322956922752454,5.7316892352771145
1699,-0.8583092891466728,7.5579180347099015
1700,-0.4949959806537214,6.7320342850281545
1701,-0.24889183972587434,6.224750179661093
1702,-0.485361183284771,6.7740196263023105
1703,-0.27230001733006054,6.347747525099667
1704,-0.6946977265494622,7.194399254546875
1705,-0.45965249625340415,6.903271848167654
1706,-1.3572981040174854,8.865119937045787
1707,-3.3659503485156153,13.053075806593874
1708,-1.3072469848997137,8.713061479559867
1709,-0.9567901446833538,7.952166713685926
1710,-0.6940609427073686,7.457667930316145
1711,-0.4927797629580107,6.9960506188239835
1712,-0.2573075922156111,6.3747125840019745
1713,-2.5253450512282876,11.286880677836896
1714,-0.8985808780254562,7.6782104156985875
1715,-1.3439743889036428,8.803601814062674
1716,-0.9746518300495262,7.708134960367133
1717,-0.5355030267974548,7.052885799178107
1718,0.20543658523122363,5.074888881174691
1719,-2.67906345291245,11.668485518466928
1720,-2.7464082030466055,11.76131940465672
1721,-3.4717021611940924,13.342757197380244
1722,-2.0188230920775254,10.288135913908864
1723,0.3360745763311542,4.805018326467473
1724,-2.202693240699194,10.584194017405986
1725,-3.434721091495608,13.259187685356984
1726,-1.09266736461748,8.195942086051597
1727,-0.5534646809491136,6.989594138009131
1728,-0.6946977265494623,7.194399254546875
1729,-1.3402213095293491,8.698734440425406
1730,-1.0881977763046065,8.011597146857277
1731,-0.4321644625059895,6.893293827341802
1732,-0.37477823854099584,6.570418104140386
1733,-0.5379507719788778,6.95168977117409
1734,-2.451094018945611,11.080588040276208
1735,-0.8604587193969636,7.553994590155861
1736,-2.956963904588999,12.183418934105209
1737,-0.653214249934051,7.0453987526052
1738,-2.508593981618042,11.299579910065919
1739,-3.104166150160744,12.54236435864254
1740,-0.7879004138069545,7.492670848329233
1741,-1.1387447248407034,8.31453956761275
1742,0.11854764960127467,5.1845014160521
1743,-0.7223384931546837,7.474139204344413
1744,-0.6177182595571835,7.339214562536512
1745,-0.027121909411447348,5.555742990838677
1746,-2.4529151816485544,11.189601969144316
1747,-4.197268297784037,14.962322607104309
1748,-2.0736661813990485,10.286131636744294
1749,-0.5666630598145836,6.953695137314582
1750,0.14784188776118162,5.217599801965023
1751,-0.6735960370603423,7.334744115198072
1752,-0.9809921210806157,7.873995020514547
1753,-1.1779738119358836,8.23893078929058
1754,-3.257752055364039,12.832170159212172
1755,-0.8180358064872993,7.616756307996329
1756,-0.7123939127621932,7.199743754716548
1757,-3.264500365276503,12.803272036967108
1758,-0.4298733763703933,6.709383173928137
1759,-0.5191529415237955,7.113449727179142
1760,0.12864718565096356,5.110011657482385
1761,-0.29032780585685186,6.046907471134221
1762,-3.4087784823131395,13.15045562554917
1763,-2.144272423539465,10.46438668719885
1764,-0.5830277786896058,7.0880375749840665
1765,1.1148841564612155,2.695713475551757
1766,-0.752772614206073,7.461253940310369
1767,-0.8604587193969636,7.553994590155862
1768,-0.9631784669742114,7.848134042307655
1769,0.2637533052696419,4.930397386927823
1770,-0.7759549830740216,7.358449911262367
1771,-0.31462796743558274,6.546644604631008
1772,-2.553057525575414,11.246917814972331
1773,-0.12330713820093706,5.893862545978206
1774,-0.6551661996433934,7.005976766455078
1775,-0.4949959806537214,6.7320342850281545
1776,-2.5204811554276603,11.238085681766444
1777,-0.4588923004617378,6.578422687655904
1778,-0.3708338618998059,6.720674018560181
1779,-0.5928786620784414,7.082566278884504
1780,-1.3738000010078963,8.809332435732529
1781,0.7477306383003577,3.5243627437381893
1782,0.20784741289938133,5.041894411536231
1783,1.1004005877849292,2.78323434367563
1784,0.6986825633055695,3.7139005429968064
1785,-0.6387221348518122,7.205202891589515
1786,-0.3073266725448417,6.443875378392391
1787,-2.7305593541179043,11.839076219250995
1788,-0.8371723083015516,7.761619380823195
1789,-2.412479578075045,11.099545199265638
1790,-2.7709902311975183,11.811314454298579
1791,-1.073569517747946,8.031738921318974
1792,-0.4588923004617376,6.5784226876559035
1793,-2.7709902311975183,11.811314454298579
1794,-0.4488114254199625,6.838189030964045
1795,-0.9059565249157129,7.789956056574281
1796,-0.32496218081957856,6.372989878395631
1797,-1.0486784970689385,8.127277244342693
1798,-0.35166372444713395,6.514663163901947
1799,-2.6144735981414593,11.525525744208442
1800,-1.0095757872830151,8.117004269872172
1801,-0.9001088738931303,7.82051583834518
1802,-0.4429933103127976,6.889348223973017
1803,-0.7530264131314308,7.58420080617446
1804,-2.386913040506531,10.94813259791865
1805,-0.4949959806537214,6.7320342850281545
1806,-0.061835916398252574,5.647983706131102
1807,-1.0054085922820313,8.0758757311579
1808,-0.6729012619236262,7.30129352060421
1809,-0.6940609427073684,7.457667930316145
1810,-0.5822137663293374,7.242384041946231
1811,-0.36455276384347274,6.572698291833777
1812,-0.383861224331576,6.45091289245952
1813,-0.8290886141380207,7.653191086741427
1814,-5.1447906216956385,16.849391793581717
1815,-0.8540175251923274,7.573392761032238
1816,-0.8816640389379024,7.671652427888839
1817,-0.726635236171324,7.503458436146998
1818,-0.7892312761660645,7.481462061221894
1819,-2.342248513152233,10.806937555661744
1820,-0.8851471220440275,7.722997250103717
1821,-5.3181474370936614,17.245893154149165
1822,-0.8540175251923277,7.573392761032238
1823,-2.9441248009070238,12.22689772736384
1824,-0.8842231043648879,7.82967948859045
1825,-0.49177810014323564,6.815084393068501
1826,-1.1240191822406558,8.241071854432397
1827,-1.8247766017673868,9.883149598247496
1828,-0.237897508907033,5.881404315088068
1829,-0.9689337799027492,7.8797456479563435
1830,-2.5341471988493414,11.35861245959567
1831,-0.751602084233529,7.207067611678465
1832,-0.19329471345975646,6.1384148659562
1833,-0.674462746271798,7.244459904005726
1834,-2.7757156084413364,11.873562717847086
1835,-2.7332021525198216,11.74701981044199
1836,-1.683089296313523,9.374438849640203
1837,-0.8604587193969635,7.553994590155861
1838,-5.020512961801144,16.567284197924216
1839,-0.2723000173300605,6.347747525099666
1840,-0.34332627719390224,6.491123917318017
1841,-0.9073674469261,7.847407309128984
1842,-0.3568850127405826,6.434444446756434
1843,-3.713785301389833,14.106637058946175
1844,-2.714152325637316,11.631744250382585
1845,0.04946114531014966,5.423888877739524
1846,-0.8740837401678829,7.590846416619208
1847,-0.945813491388498,7.9000647895014495
1848,-0.651492046892944,7.19601043184278
1849,-0.660017822434571,7.154824831275922
1850,-2.6291624337439785,11.483121739329558
1851,-0.9567901446833538,7.952166713685926
1852,-3.408146976602005,13.200200555080222
1853,-2.7709902311975187,11.81131445429858
1854,-4.499166582731101,15.52878890674587
1855,-0.4819161676226689,6.886596529818148
1856,-2.0318140194244636,10.360580653112054
1857,-2.5569866513896455,11.360036857228424
1858,-0.44299331031279765,6.889348223973017
1859,-3.286448630603744,12.801499856185751
1860,0.11854764960127477,5.1845014160521
1861,-2.5085939816180427,11.29957991006592
1862,-0.4183844488160439,6.721628231994804
1863,-2.373812392473828,11.019433938715103
1864,-0.884223104364888,7.829679488590452
1865,-1.9805101382163115,10.106558556375024
1866,-0.7223094545533338,7.28182874081082
1867,-2.540875637509931,11.375405546675033
1868,-2.3803715504767795,10.954691120373557
1869,-0.8356628296258377,7.665426513242499
1870,-5.013093401243697,16.550809205822635
1871,0.5368143206940443,4.077581120904826
1872,-2.9088652174413148,11.92477631895053
1873,-0.7802570201793673,7.430442897829483
1874,0.16526017846104327,5.393822319646783
1875,-0.027121909411447348,5.555742990838677
1876,-1.3178076981538804,8.76763546633692
1877,-0.1894625077368963,5.822884863946067
1878,-0.7802570201793673,7.430442897829481
1879,-0.2287027286586781,6.296684906428041
1880,-0.3112486558517247,6.687437101595662
1881,-1.0833481477008238,8.06078530595765
1882,-0.07867055705895733,5.983166014967031
1883,-0.5817233716588908,7.258248304580544
1884,0.4259619415145989,4.547323665197801
1885,-1.3207043766524822,8.797588543549415
1886,-0.7277513683399385,7.15400873653507
1887,-4.013149478061608,14.44633276106418
1888,-0.35835803125223253,6.242983530777695
1889,-2.338806198456389,10.885664670472277
1890,-0.5046574068616632,6.841579092924026
1891,-3.1041661501607445,12.54236435864254
1892,-0.42987337637039313,6.709383173928136
1893,-0.9216331802466822,7.670445890331902
1894,-0.5063218452330958,6.73529308678211
1895,-0.6095897583948483,6.997723457919125
1896,-0.0729359482786624,5.6849669609546
1897,-0.7123939127621932,7.199743754716549
1898,-2.1946021432751426,10.499003372718839
1899,-0.9689337799027493,7.8797456479563435
1900,-0.4949938454558169,6.772872913676601
1901,-0.9766207705827662,7.906223273185515
1902,0.42414849227983226,4.354089948868946
1903,-1.0054085922820313,8.0758757311579
1904,-3.242257113971307,12.755360117935092
1905,-2.4841040949642825,11.212146464771871
1906,-2.9088652174413165,11.924776318950531
1907,-2.375976418715243,10.934929990238192
1908,-0.34096717125590287,6.6619225950737535
1909,-2.7923429320883235,11.860488015370631
1910,0.18863064075576788,4.975831863768666
1911,-0.8661198566987626,7.796821387521247
1912,-2.512362845558604,11.308575508281372
1913,-2.225794523675389,10.563158263127054
1914,-0.8356628296258379,7.6654265132425
1915,-2.5213946091117236,11.329273064784736
1916,7.010589766522691,-9.805956955824858
1917,-1.231858336920389,8.50446118702407
1918,-0.6782788790542185,7.284486168376768
1919,-0.3437077305399952,6.433492056450644
1920,-0.6665275095817647,7.258938553772432
1921,-0.8313885557031679,7.760217511277353
1922,-0.23945895417662857,6.217056393130866
1923,-0.15218880833250695,6.046785695675532
1924,0.10015199115494654,5.387738891983533
1925,-0.9714569473520409,7.821104780885977
1926,-2.6319571489845752,11.472302005444462
1927,-0.8010956315593941,7.608169772624169
1928,-0.9001088738931302,7.82051583834518
1929,-0.2153616784056444,6.029309804716197
1930,-2.1944675887900216,10.670697502764543
1931,-0.3602189435167345,6.638525105906756
1932,0.28765932739363437,4.83732401359919
1933,-2.6319571489845752,11.472302005444462
1934,-4.021648421107454,14.476249430968448
1935,-0.8269018775828895,7.582743296439096
1936,-1.0781526694743735,8.10015765153555
1937,0.1603523072781992,5.100275607473653
1938,-0.3593703095046065,6.284365185712705
1939,-2.9569639045889993,12.183418934105209
1940,-0.7070706200118887,7.455637754587764
1941,-0.8970768579084427,7.718029583074814
1942,-0.43472000331006255,6.806173807158515
1943,0.02187166352844853,5.627043353866506
1944,-1.5156968384385998,9.206438663847562
1945,-3.28392669364138,13.079258443969266
1946,-5.085010424224451,16.71653431188638
1947,-0.49947579912430357,7.027932847881138
1948,-0.9001088738931304,7.820515838345182
1949,-0.9727028444287902,7.735270518436751
1950,0.61637031895259,4.067174725656481
1951,-0.11923238367864356,5.94899289802006
1952,-0.3707452100783043,6.530697828412517
1953,-0.44318558655150336,6.715897576187558
1954,-2.1827224019171325,10.598719455116814
1955,0.1383973189816144,5.383315263709348
1956,-0.61011229168772,7.12986946799621
1957,-0.3437077305399952,6.433492056450644
1958,-1.2813647868291065,8.556596940820143
1959,-2.7051970613151433,11.559918170759232
1960,-0.8496371359372439,7.655895784601152
1961,-2.6151656065682745,11.499030388499381
1962,-4.095180153821481,14.643293466372466
1963,-0.5687785064774042,7.201386129453233
1964,-2.7377214295647554,11.615256994853056
1965,-2.5809435451929743,11.374464219549896
1966,-0.6290102894327414,7.199260736135059
1967,-0.6100036870463643,7.202635977773934
1968,-0.6581186305422678,7.169459971700704
1969,-1.0486784970689385,8.127277244342693
1970,-0.2111541317985028,6.272632197173355
1971,-2.338806198456388,10.885664670472273
1972,-1.7090390795142272,9.562040149445373
1973,-2.424035431722189,11.218564614359765
1974,-0.7879004138069544,7.492670848329232
1975,-1.0129786569712353,8.003862944097888
1976,-1.0756201268793146,8.317729181886216
1977,-1.2194466190756579,8.527100850114472
1978,0.5646648241355954,4.1419259203143906
1979,-0.388566637622795,6.568897911199823
1980,-1.0706742416224724,8.117188343061885
1981,-0.5429107764160019,6.944340922173049
1982,-2.956963904588999,12.183418934105207
1983,0.8430881384206569,3.412348189405082
1984,-2.127316544144434,10.439703921297745
1985,0.8190909370284285,3.5298356586598003
1986,-0.32496218081957856,6.372989878395631
1987,2.3879502913811006,-0.49713010334428454
1988,-0.788554402378163,7.639458684920502
1989,-0.5046574068616633,6.841579092924026
1990,-2.7916988068560022,11.871011683104541
1991,-0.9073674469260999,7.847407309128984
1992,-2.342248513152233,10.806937555661744
1993,0.06427778304051769,5.514679748964607
1994,-2.288376728844536,10.75653104523202
1995,0.18820112426375282,5.139006107308753
1996,-0.5547647941301761,7.18715137442856
1997,-2.419049687908392,11.153834773806825
1998,-4.4268310076143615,15.3785198652532
1999,-0.39307119701107923,6.709349878200152
