draw,intercept,slope
0,-17.510361570356668,1.160919647296348
1,-17.321376093626842,1.153279936296274
2,-17.07109722746008,1.145651474791317
3,-17.01231583690593,1.1442843309423834
4,-16.99204915885939,1.140061401186121
5,-17.364918736791704,1.1500701453200217
6,-17.257539805474607,1.1507786581389945
7,-17.189434852627443,1.1479996603398854
8,-17.514210598108257,1.155687518772382
9,-17.101748612013534,1.1468781801610577
10,-16.98568383207264,1.1414616239396638
11,-17.25573535375067,1.1484117309267463
12,-17.045762639287627,1.144409997538418
13,-17.08637505481847,1.1461874025668315
14,-16.997759169690386,1.1427601526570899
15,-17.063630370348264,1.1439442046408945
16,-17.151297538996214,1.1463317220916343
17,-17.19302277725642,1.1454775933630923
18,-17.224476884287395,1.1456420043993905
19,-17.019133552042206,1.1407975376030035
20,-17.228429758791094,1.1490693182987337
21,-17.104276538781058,1.1466341778706428
22,-16.974776816765306,1.1406339221503692
23,-17.33477181648822,1.1499518698095446
24,-17.36654823648681,1.1520564605170573
25,-17.313500115247436,1.1522787624182114
26,-16.98235351939079,1.1408601528741227
27,-16.959138137831744,1.1384621789633038
28,-17.07127016757364,1.1425382850757313
29,-17.118529660937693,1.145559977717721
30,-17.531674651026577,1.1559430277080633
31,-17.288988791531313,1.151252496365746
32,-17.365157760901614,1.1512164486093508
33,-17.101540386812985,1.1442192185769373
34,-17.469309726322784,1.1540588183907359
35,-17.576215694603093,1.1578089909132807
36,-17.01270469335623,1.1414458788314998
37,-17.141923059208565,1.1448397353186142
38,-17.184455829833123,1.1467180447280434
39,-17.149071302180932,1.1463633106261737
40,-17.106970429358174,1.1449409435555882
41,-16.80745305667875,1.134478231422622
42,-17.296393017909303,1.1530316922899049
43,-16.96882963980987,1.1402007249013513
44,-17.12544195583025,1.1461980412344381
45,-17.225177183607,1.1493731360254686
46,-17.19250471380646,1.148077462182266
47,-17.236686655078532,1.1497854577727231
48,-17.074203228682578,1.1426917840549864
49,-17.168618377219367,1.1474314553997227
50,-17.29988009252758,1.1484121996735412
51,-17.159330387330883,1.1467318514622566
52,-16.915476749216825,1.140513605951971
53,-17.075701144872347,1.1432660747584498
54,-17.15167866328802,1.144670519663742
55,-17.061129105205854,1.1453621751000145
56,-16.98944954530248,1.1398523085557728
57,-16.846974421403733,1.1354039904523896
58,-17.126537511040425,1.1457596373307233
59,-17.438005285574576,1.1561869233581594
60,-17.109120838060146,1.1447248424785703
61,-17.36844160899305,1.1523607308924673
62,-16.963422164438217,1.1392456395545585
63,-16.947637277648425,1.1374472897276118
64,-16.931036530130147,1.139855770269695
65,-17.293121438116724,1.1487940374195917
66,-16.98326025922194,1.142857446124311
67,-17.194614028847248,1.1456104186985254
68,-16.941577252627713,1.1397368892378936
69,-17.124499543902672,1.1459304643332973
70,-17.021974734789644,1.1393685940579057
71,-17.184913743098267,1.1450774691647851
72,-16.941157218456997,1.1397565139090375
73,-17.222294047522492,1.1499472873366685
74,-17.22174444160632,1.1489983047741692
75,-17.192648580621803,1.1468189321140136
76,-16.96832419155902,1.1403966792680382
77,-17.14796121576818,1.1458333651166315
78,-17.111814753784248,1.143206697435908
79,-16.878435206480212,1.136579056778717
80,-17.222954233217063,1.148875818406417
81,-17.253643220416766,1.1501898881617652
82,-16.97697362614599,1.1414452172544312
83,-17.196113898289497,1.14715946698063
84,-17.081727172261864,1.1466263388780809
85,-17.32229193453286,1.1505592414492478
86,-17.34592908031805,1.1514702223575135
87,-16.927782527686993,1.1397579406137925
88,-16.90935218972132,1.1389182852211912
89,-17.07478297889197,1.1429501675802216
90,-17.147409534854912,1.1460060723269327
91,-17.151204493825272,1.1486768988977067
92,-17.275406152877775,1.1477758207799287
93,-17.50666493026088,1.156978305392162
94,-17.011873761467637,1.1424113277526144
95,-17.293507736811325,1.1492415963559421
96,-17.16497765977458,1.1485795644257735
97,-17.094324383454417,1.1431745899508885
98,-17.2687830228225,1.1492823524775078
99,-17.51889660467508,1.1568493442984757
100,-16.949210792756013,1.1396705426793377
101,-17.19935371621573,1.1468862300494542
102,-17.174690587477322,1.1466170975101821
103,-17.176999485419504,1.1456839111491168
104,-17.2797303367542,1.1493878657919614
105,-17.010422208466395,1.1408858499964185
106,-17.06729312976174,1.1449618887590034
107,-17.254992232985423,1.1496294513048284
108,-17.108073184955426,1.143633571174879
109,-17.037085003374735,1.142585224052338
110,-17.298147773980734,1.1508552660175877
111,-17.048088222141608,1.1413125157705066
112,-17.19939407311929,1.1495644592504426
113,-17.222808797005598,1.150461417602286
114,-17.15624198572901,1.1457429332065971
115,-17.273671745383226,1.1502440119064432
116,-17.36396667948204,1.1521851232164395
117,-17.518911476529603,1.1553450228771314
118,-17.080960334654034,1.1416493864448582
119,-17.16673756924854,1.145939425847618
120,-16.95682995989688,1.1401274916682331
121,-17.119840157742452,1.1473181456439205
122,-16.949895975619157,1.1416255756025897
123,-17.195815290525143,1.1490058512028638
124,-17.287959986798562,1.147736222232926
125,-17.297908457731616,1.1513455366879468
126,-17.038374687056724,1.1424846176121215
127,-17.2350410777292,1.148669869081988
128,-17.08465242851383,1.1447398442429122
129,-17.41601020336618,1.1541777352763047
130,-17.276227498995194,1.1503890080847432
131,-17.03175941249877,1.142579015766565
132,-17.136741231350257,1.1461100789260243
133,-17.11463104057062,1.1446354308572406
134,-17.101424575764483,1.1450600402950901
135,-16.78060809468448,1.1336484404757667
136,-17.151219237093756,1.1458013656428652
137,-17.356399062724392,1.1485145054473012
138,-17.036789462288727,1.1412742160823999
139,-17.04448230872875,1.1417154493990147
140,-17.080699507240336,1.1425986311212812
141,-17.17159184100889,1.1451899172626587
142,-17.045902599360574,1.1426016300247932
143,-17.285838256299638,1.1503843783721683
144,-16.877572526536245,1.1375129908803907
145,-17.022966932959307,1.1431735196715154
146,-17.014688962074626,1.1419385613676682
147,-17.1151847764748,1.1480325828863442
148,-17.168886323631206,1.1488612916698768
149,-17.147261438266483,1.1443808583667
150,-17.343060970786897,1.150888482279529
151,-17.28681074597,1.1502313243416264
152,-17.23976953782776,1.1505724946928337
153,-17.351909426023603,1.1525516906575672
154,-17.172185208690337,1.1493772448037256
155,-16.828688333975958,1.1379228144546691
156,-16.94715825477563,1.13958234523922
157,-16.970765783157677,1.1411378794161962
158,-16.898704912752002,1.137735928107118
159,-17.07847261544855,1.1448985738531723
160,-17.043913439182205,1.1429477383216193
161,-17.17787621484622,1.14827606209985
162,-16.962569270962465,1.139063455492742
163,-17.139314090446618,1.146371907936034
164,-17.20384901978055,1.1462777609666772
165,-17.327846004615544,1.1529022627462822
166,-17.300235092999078,1.1500900385573543
167,-16.959920709659844,1.141312314896733
168,-17.00061992449977,1.1404337403120908
169,-17.15001321119572,1.144946629966302
170,-16.984458579249274,1.1390524815720178
171,-17.21238691594914,1.147227031241677
172,-17.24464423872185,1.1487074815307214
173,-17.11068308569438,1.1439034441692926
174,-16.907461001411598,1.137990451945128
175,-17.002850123538472,1.1404673337183318
176,-17.29673973963884,1.150384244142643
177,-17.29321473076245,1.1508845024456693
178,-17.261685700454393,1.14699056505902
179,-17.343956209913706,1.1517429609188088
180,-17.475659718560134,1.156194186157751
181,-17.102590643528575,1.1441797507645883
182,-17.10522861500627,1.1469116793853398
183,-17.113262548629525,1.1451200223653184
184,-17.037619956763546,1.1421098092704862
185,-16.96892410427959,1.141311727989803
186,-17.149428222228234,1.1448316628793984
187,-16.91283216608293,1.1382407228605858
188,-16.884205084081874,1.1388403140526333
189,-17.389927412314726,1.1541852329128206
190,-17.077124981158335,1.141172057201125
191,-17.250575478469635,1.1521167923276807
192,-17.059166037908593,1.1415138196204937
193,-17.167939620839206,1.1463828705389159
194,-17.10587143528018,1.1435695847176643
195,-16.94666289158164,1.1386666177458509
196,-16.944814870521768,1.1396697662347781
197,-17.124663459262074,1.1462803307437852
198,-17.028679039704603,1.1431266156494633
199,-17.010753537141994,1.1409008679284114
200,-17.18362988380946,1.145262906276707
201,-17.216531243548044,1.145924337689883
202,-17.22554973342849,1.1495591076719405
203,-17.440426519844955,1.156319318077432
204,-17.23989032010194,1.1494264738967421
205,-17.27153217149075,1.1483779174797164
206,-17.01282811530172,1.1417470249765318
207,-16.93095538441908,1.1383535831901412
208,-17.269281722820836,1.1486720746655446
209,-16.946981897628937,1.1420846907389188
210,-17.036228757710372,1.1445560586591066
211,-17.38951526721177,1.1543269011337134
212,-17.02024189896513,1.1407647399459324
213,-17.561430314105994,1.1572410345666957
214,-17.18374546853696,1.1448409458504958
215,-17.067044634670314,1.144340359270223
216,-17.318896515007808,1.1493739056056798
217,-16.96792348468678,1.140968328382809
218,-17.03385313160986,1.1443271443349896
219,-17.165816131211866,1.146537191265039
220,-17.24293575040999,1.1491497959219124
221,-17.07957049878137,1.147141278311856
222,-17.14824551073568,1.1450669786366159
223,-17.19718463891148,1.1449585246947902
224,-17.320182811417038,1.1518606490940386
225,-17.299043295695682,1.1506436140985525
226,-17.16407788391259,1.1462823375798983
227,-17.1423131260791,1.145778420489682
228,-17.152727023888488,1.1448831285488223
229,-16.923549753440863,1.139702168130852
230,-17.12686925114886,1.1467657434091483
231,-16.8828959904264,1.137215084411086
232,-17.206355252515404,1.1486965971284806
233,-17.03188063843151,1.1433600579642886
234,-17.257029209965694,1.1501798249551036
235,-17.138910951954802,1.144786630946884
236,-17.005934872054468,1.1430639988921072
237,-17.069101049385143,1.1418697474170958
238,-17.000650971102306,1.142606147069464
239,-16.898204650602832,1.1370546917724116
240,-17.215724864119558,1.1496289385176939
241,-16.84461331069989,1.135686506231913
242,-17.375449806208266,1.1533406888662232
243,-17.135624133624173,1.146233878745252
244,-17.112950687115823,1.1426440207687076
245,-17.172699165426366,1.1473504196923903
246,-17.42063358072343,1.1530011421328172
247,-17.06004763885168,1.1433603296456818
248,-17.044691827103225,1.1435706854050192
249,-17.14586900146635,1.1469676344552902
250,-17.092594392841338,1.1451431901129996
251,-17.056108418211128,1.1437994554897368
252,-17.192388058415727,1.148202601965484
253,-17.3844133002605,1.1530228520618793
254,-17.17616431438066,1.1445548003371713
255,-17.06837709164915,1.1411885515192053
256,-17.31616424995109,1.1508959501974811
257,-17.33932464188456,1.1517888100952722
258,-17.13084600383771,1.146568117099903
259,-17.356534504433032,1.150604312789104
260,-17.128183079763925,1.1425106695957785
261,-16.883808104146834,1.1378586387636036
262,-17.180935308779738,1.144642919399698
263,-16.67227441855398,1.1313473916485641
264,-17.384937948728478,1.1538452956990874
265,-17.135614299344123,1.1459751997425534
266,-16.854117870567247,1.1367016279515336
267,-17.25079700393915,1.147941938219275
268,-17.27775382784466,1.1492053163999603
269,-16.916809869398207,1.139633036248426
270,-17.016151414495983,1.142150502155752
271,-17.221975446404404,1.1470097929294234
272,-17.042723886916093,1.1416682871717503
273,-17.268958243648395,1.1508425519303902
274,-17.04928230294022,1.139507481123517
275,-16.953659680173647,1.1391246311795848
276,-17.281767600025802,1.1519065709285594
277,-16.959087110065912,1.1393965772342054
278,-17.175730283243,1.146889875876999
279,-17.3094416308141,1.1493117948285394
280,-17.404213697481058,1.1559400105860338
281,-17.050942286829468,1.1436018465055255
282,-17.12743004492649,1.1450818335754156
283,-17.164138484558137,1.1502001716378014
284,-17.111278769120755,1.143810894463703
285,-17.04861757668302,1.1437988638224137
286,-16.94458587054863,1.139461069634091
287,-16.98962044336039,1.1402410072870366
288,-17.250003674320617,1.1508928543502366
289,-17.155674322999136,1.1452757829786075
290,-17.372396458566364,1.1536748268309096
291,-17.333818677728008,1.1499099147072878
292,-17.22609438705305,1.1499321232434403
293,-17.001736659413687,1.140820914107052
294,-16.973455628134637,1.1388552744129368
295,-17.302373892201828,1.1526069343673777
296,-17.162362849980205,1.1455422792721677
297,-17.101507919900975,1.1452252741033637
298,-17.21055955149296,1.1469311292577886
299,-17.47691760293547,1.1576011129722574
300,-17.17340627471575,1.1447267110020236
301,-17.272943068322963,1.1511712402126575
302,-17.33354945717786,1.1503312197511992
303,-17.255967367564708,1.152306084510623
304,-17.017774740356188,1.1429921565491408
305,-17.139432784588273,1.1478747335144892
306,-17.362402285653307,1.1558669560801735
307,-17.127739414168623,1.1457675932972695
308,-17.20283253462833,1.1486405544836817
309,-17.654102138916297,1.161514493463696
310,-17.401592011921807,1.1528057831852137
311,-17.239092699683184,1.1506204697857907
312,-17.13356459856831,1.1440990282030508
313,-16.775632997760727,1.1334092624525562
314,-17.066973924930835,1.1430534594030908
315,-16.801494240137615,1.1368786269662257
316,-17.128213163618224,1.1446407650183708
317,-17.24522709860248,1.1474394508935852
318,-17.1928194771404,1.1458368812185595
319,-16.728337889306825,1.1349936093851314
320,-17.27232311139611,1.1492327715374833
321,-17.090509232216803,1.1432302118831366
322,-17.040374403279056,1.142723330614358
323,-17.235908466519845,1.14760734891407
324,-16.807871169256376,1.1350395596041343
325,-17.36895326189148,1.154177908340628
326,-17.225339441214267,1.1481005613524355
327,-17.24609447018933,1.1506120808648768
328,-17.05529281251147,1.142580152761152
329,-17.316364521445372,1.1512497324160182
330,-17.32673199128143,1.1503211110277414
331,-16.897183279067914,1.1402065403532935
332,-17.043215636263685,1.1427912152803794
333,-16.812223898540374,1.1356620575525918
334,-17.118721571952086,1.144198341810222
335,-17.20449578639489,1.1475981369403787
336,-17.251786200385038,1.1479584758754973
337,-16.828803111627508,1.133523222171593
338,-16.660011449407097,1.1312832949097233
339,-16.93308749820923,1.1409220881570452
340,-17.18843477637993,1.1480213551218832
341,-17.243322760343816,1.1493725684372311
342,-17.08206837584047,1.1452116461652653
343,-17.219060692289894,1.147921275743306
344,-17.04987501521715,1.1449691701170195
345,-16.885366860839223,1.136177985502988
346,-17.117520190173813,1.143695108202389
347,-17.142744442344526,1.145548165193897
348,-17.045546385684855,1.1425107241060393
349,-16.872060607247718,1.137850730628376
350,-17.34743377633986,1.1506772590344874
351,-17.088594686222336,1.1470338533345124
352,-17.235317308098637,1.1488726385304673
353,-17.68748825240535,1.166040830205286
354,-17.007576888959633,1.1414254556015164
355,-17.17163404738283,1.145596911349076
356,-17.01618447003765,1.141388240729025
357,-17.273922895743592,1.1476674134195868
358,-16.974364835462413,1.1395491553496688
359,-17.24909024512903,1.1482145852539147
360,-16.984181785227392,1.1406694768208645
361,-17.284570859619016,1.1510527092333136
362,-17.475580450769904,1.1581511926445327
363,-17.179028960280693,1.1477247127974672
364,-17.045049123681537,1.14147293906148
365,-17.27345259280574,1.1505648752688682
366,-17.016011257006177,1.1419729941828678
367,-17.2759697341772,1.149693878137524
368,-17.23741518360836,1.149080644878882
369,-17.152606046138644,1.1466786947258396
370,-17.324035739677758,1.1522586872011633
371,-17.303613426833486,1.151198704046394
372,-17.379449087172567,1.1515550153971235
373,-17.372790439559893,1.1498348167791734
374,-16.848949556467616,1.136024395551132
375,-17.309662467161164,1.150530070923007
376,-16.96545963518997,1.138540320114499
377,-17.361478856142014,1.1521390698260738
378,-17.32405593210275,1.1510205915151315
379,-17.135602717487952,1.145924737841825
380,-17.464858417860597,1.1579073168318876
381,-17.471359492630537,1.153741376236991
382,-16.682142002305742,1.1326671517374614
383,-17.112887817230696,1.143804349917148
384,-17.213229191696986,1.1475376983141168
385,-17.131658048611655,1.145648095738104
386,-16.977125163554863,1.1392768410126628
387,-17.18630433002651,1.147020757811523
388,-17.5874248165129,1.1593692303425414
389,-17.09415822323793,1.1419638438746629
390,-17.316628146625753,1.150172651030131
391,-16.899023614384003,1.138836918466988
392,-17.330432505284634,1.1494447472053888
393,-17.122790088221915,1.1434825081153395
394,-17.190310790328525,1.148368216737773
395,-16.969120891654345,1.1436019675384714
396,-17.543405763310417,1.1566401456894957
397,-16.828567400987733,1.1356383650804174
398,-17.046218364920573,1.1423913116011466
399,-17.262941636928044,1.150268405999337
400,-17.253123120644553,1.1505492733309584
401,-16.974295176962325,1.1378297709755982
402,-17.31630878922218,1.1501091842535425
403,-17.274162105545074,1.1519891647437883
404,-17.316818884519222,1.149386570042385
405,-16.89395144997274,1.1377946395822216
406,-17.228992707574537,1.1492186095394041
407,-17.25221624164205,1.1510195604149853
408,-17.40070909817993,1.15413958899895
409,-16.766235384339286,1.1328589749927038
410,-17.02658684526483,1.1427551791903023
411,-17.086617657402527,1.1462024541598645
412,-17.213815336472383,1.1491239788694734
413,-16.802538409402807,1.1350779589626134
414,-17.09895952405286,1.1452875710387882
415,-17.164588882790177,1.1438161001070453
416,-16.919848514669795,1.135544943540406
417,-17.41432659458732,1.1527958814746957
418,-16.88295544918696,1.1361082115750216
419,-16.994917295850687,1.1427511356045934
420,-17.349400280186156,1.1526446228576857
421,-17.102107374790883,1.1433701029555452
422,-17.294578912191316,1.1518675731527936
423,-17.171540915113372,1.1455113216681774
424,-17.124534293841123,1.1458862014995492
425,-17.09178463641415,1.1443934688680866
426,-16.929732897971554,1.1390995753925524
427,-17.046562766445668,1.1456712656032395
428,-17.391173066534087,1.1529714780421103
429,-17.13415746328681,1.1447626195706047
430,-17.16255824011331,1.1462980108512841
431,-17.251571612516347,1.1501982855801498
432,-17.163887990189004,1.1472104700146355
433,-17.29906029132231,1.15020340995156
434,-16.990436262559797,1.143067556136207
435,-17.35149144919043,1.1525732922084753
436,-17.24232644964554,1.1489169892168474
437,-17.305198969704335,1.1510569565949718
438,-17.369115645634405,1.152153949622764
439,-16.793361881918578,1.135932661572858
440,-17.189855085861833,1.1486740933001738
441,-16.964438997130486,1.1403534834345446
442,-17.138267014474525,1.1459742304044425
443,-17.297420763578547,1.1497040219803827
444,-16.990057260354785,1.1408120483123858
445,-17.442288702830368,1.1548443711662217
446,-17.004001194656578,1.1417886635051728
447,-17.264897239094278,1.151585583000325
448,-17.126874023486607,1.1482011797243352
449,-17.11399061259613,1.1433397110763477
450,-16.908823918917474,1.1373437603910008
451,-16.852700045418676,1.1367980168652088
452,-16.789307847492875,1.136547303512069
453,-16.96073592431987,1.1411704579748043
454,-16.91530791227986,1.1376227492313806
455,-17.44911408942236,1.1558927011328242
456,-17.257881406517647,1.1484183721021646
457,-17.156353062809746,1.1440618869089825
458,-17.094060761304704,1.1490950847499972
459,-16.74030577300252,1.133845862826345
460,-17.05335433038626,1.1455109597296858
461,-17.043039015887008,1.1421846275211143
462,-17.348797012455833,1.1538170601323832
463,-17.33078035427646,1.1516096931756228
464,-17.33011678286364,1.1496628207447699
465,-17.26412833126802,1.1473564965449388
466,-17.22841256739897,1.14866534868542
467,-16.97291050589979,1.1407293874175581
468,-17.254751383096973,1.1500561898826365
469,-17.005778441987115,1.1437214806291054
470,-17.16674866797158,1.1430153949973014
471,-16.952532306659542,1.1408280353435105
472,-17.14801873485599,1.1454549905045566
473,-17.126992729574862,1.1435198776252495
474,-17.28288912224589,1.1483578322097514
475,-16.885205425692376,1.1370960348251937
476,-17.15219696546765,1.1468914294023287
477,-16.941973202668155,1.1381828674716903
478,-17.23593543703043,1.1476012781290623
479,-17.294363787334454,1.1496577163499835
480,-17.20040284836499,1.1502240090508766
481,-17.386488540017844,1.1537821664016308
482,-16.99003880361346,1.1401059633479733
483,-17.083588812772042,1.143743564998549
484,-17.193341780911066,1.1472325588621548
485,-17.15496591934985,1.1457411489170983
486,-17.384651751359034,1.1547181281113414
487,-17.314439047924942,1.149986047643589
488,-17.067617845846595,1.1416943084635485
489,-16.98447242072255,1.1395819766048965
490,-17.242383913263005,1.1483477466822898
491,-17.483243996745053,1.15547957297695
492,-17.221772321788947,1.1488010929865946
493,-17.29301778376732,1.1497311742414846
494,-17.06554424055134,1.1442415199055402
495,-17.293345239367493,1.1509217185842107
496,-16.930209689326485,1.1382197526604885
497,-17.020701328588213,1.1425862021020188
498,-17.349188644535335,1.151924939447988
499,-17.179904406721285,1.1484360350326004
500,-17.02487776066393,1.14470945659483
501,-17.363849760682804,1.155190644968893
502,-17.381902684031477,1.1534590258517463
503,-17.11407563735296,1.1480296362970552
504,-16.929588041098654,1.1390558127090664
505,-16.94019825298419,1.1396520930434604
506,-17.20391625876552,1.1487273104457483
507,-17.228973987071633,1.1508548858143435
508,-17.197118899906663,1.1495939383363556
509,-17.265687449318836,1.1494852892143637
510,-17.126268137970673,1.1453211118437698
511,-17.29495057311844,1.151095228056106
512,-17.20747693195496,1.148117302322921
513,-17.113627289603937,1.1437401536491547
514,-17.007263188517914,1.1414981216057118
515,-17.188036770697792,1.1480107901906902
516,-16.865506182496148,1.1372640984630673
517,-17.36564109938797,1.15122170137396
518,-17.240513434537217,1.1494961086800504
519,-16.922625505491126,1.1363610339606618
520,-16.830750560341166,1.1359509889220392
521,-16.943769301772328,1.1400005036691927
522,-17.056277856020575,1.142470875579704
523,-16.820136709911615,1.1332039911560474
524,-17.113352960284804,1.1432008471113453
525,-17.150320923259986,1.1459050016246761
526,-17.300938342873753,1.152000368570679
527,-16.914404148243477,1.1386752637273014
528,-17.049004643333785,1.142435920540424
529,-17.32827196826509,1.1509051452373413
530,-16.86734212823228,1.135927734567067
531,-17.287223576615254,1.1507777612566599
532,-17.171810982355687,1.1490268579815124
533,-17.015460851084587,1.1419308877576009
534,-17.111092643290377,1.1439753875809016
535,-17.364713283457075,1.1531414675541927
536,-17.149087630151488,1.1428830653666313
537,-17.46022000832146,1.1567816722170534
538,-17.59790550073675,1.1614787852606643
539,-17.11472586058431,1.1454831925790991
540,-16.88219770444169,1.1390545810009538
541,-17.646816714483958,1.1613990181407576
542,-16.795666488194883,1.136680470455675
543,-16.937164792287795,1.1366849721923737
544,-17.29285534040144,1.1480978326401194
545,-17.389494719286144,1.15299045542222
546,-17.16929437039342,1.1463946270197904
547,-17.297938732554748,1.1516366048034046
548,-17.167324781112697,1.1473784255349695
549,-17.35427234216931,1.154299909180394
550,-17.269871728557973,1.150056143203755
551,-17.301804904560015,1.1487681010728064
552,-17.018902979736595,1.142924081044198
553,-17.137139331024812,1.1465413414764916
554,-17.494251389809072,1.1567224937245206
555,-17.20734443393616,1.1443795138050215
556,-17.376919648556022,1.1539981194751614
557,-17.04069795689797,1.14253997659032
558,-16.935484226835374,1.1381033436093364
559,-17.254985056126404,1.148120722320052
560,-17.41800568927637,1.1546946156370321
561,-17.27230660673349,1.1480631548718203
562,-17.091727777636265,1.1439213728848816
563,-17.18582075182666,1.145734617073073
564,-17.186975380918266,1.1467753900984805
565,-17.40799805523122,1.153017532324051
566,-17.009677851766888,1.1428369631365158
567,-17.242407999952942,1.1503851424452194
568,-17.09568423588898,1.1428165624695161
569,-16.663361158977363,1.128805559060457
570,-17.20026803591209,1.1499857642939644
571,-17.138834294801512,1.1438634627662676
572,-17.227456801109636,1.1462474189752079
573,-17.181004606983322,1.1466702194153051
574,-16.949356635962484,1.138985595981062
575,-17.141759844319072,1.1437431325242415
576,-17.19188485055555,1.1497891473455073
577,-17.26096010539645,1.1494891730694554
578,-17.12395658347656,1.1441516181996403
579,-17.137926910420365,1.1425925393480973
580,-17.38942995625967,1.151605947154167
581,-17.27274131170364,1.1486127984751622
582,-17.21087769081587,1.1479996282200138
583,-17.38763191441158,1.151935782164664
584,-17.094794063097325,1.1445019317305165
585,-17.26086116404095,1.1476953056432886
586,-17.303648596589632,1.1486644855135746
587,-17.00280941355282,1.141192959140695
588,-17.086556554031176,1.1441183010358562
589,-17.070096250011584,1.142296588163958
590,-17.294886508414912,1.1517410979265505
591,-17.28995299312287,1.1516453828335709
592,-17.31280502699147,1.1489660427372932
593,-17.0051397716476,1.1425047668157753
594,-17.17843192547131,1.1438089019421136
595,-16.991201109641107,1.1393413636974188
596,-17.193967750882425,1.148480704612117
597,-16.902779941295904,1.136969535990513
598,-17.287810617485132,1.1506569584525381
599,-17.23829702858616,1.1494080194896368
600,-17.00042348198808,1.1397873991313414
601,-16.85892353312983,1.1340904308014723
602,-17.286203940461345,1.1495185075883152
603,-17.146494288791327,1.1463199397582946
604,-17.04819659205725,1.1431548014361133
605,-17.3057670381782,1.1531500204652332
606,-17.183834204687983,1.1466013837379245
607,-17.27488196745507,1.1514537231162096
608,-17.21234635502817,1.1474381482778786
609,-17.181202720480925,1.1467354689435927
610,-17.339479742959217,1.154942217374046
611,-17.072841173474266,1.1452855340331114
612,-17.000395140562198,1.141599429790882
613,-17.2894324678424,1.151125315646228
614,-16.958625796176957,1.1392896726073447
615,-17.263695599085594,1.1501208376613046
616,-17.040568555719688,1.1434005967284449
617,-17.425875169489764,1.1551041629095309
618,-16.923938627702178,1.1382232473001535
619,-17.131856141817092,1.1462400044445935
620,-17.017335136808423,1.1417036744007014
621,-17.303992456812058,1.1534426841073948
622,-16.920896094236088,1.1385022874466937
623,-17.135309980916354,1.1458613046141386
624,-17.1963883790677,1.1478989009024239
625,-17.09942712783514,1.143804542115893
626,-17.08629831523792,1.145122726485435
627,-17.205097175326905,1.1487159896710446
628,-16.958387494687006,1.1395264765214812
629,-17.23746448979516,1.1496892237178806
630,-16.96834470725516,1.141158980610326
631,-16.932570804941452,1.1402322234066502
632,-17.433250784814504,1.1564091907213159
633,-16.972147170514045,1.1426290265066936
634,-17.17447710747691,1.1480316865610187
635,-17.141389162328338,1.1453109249279547
636,-17.162742114366527,1.1450250410527782
637,-17.093588058644755,1.1438493361259008
638,-16.867394319411215,1.1365409198060896
639,-17.239360430006904,1.146518473872097
640,-16.995741648865245,1.1419033657538313
641,-17.27616255415052,1.152907506022465
642,-17.168266939036343,1.1460237432563114
643,-17.45016750107456,1.1568740727238989
644,-17.081253873174084,1.1418740302339818
645,-16.928497244604745,1.1380049095277436
646,-17.101354337007486,1.144386310775899
647,-17.37765922052047,1.1544124686234039
648,-16.771294651713728,1.1352239321741977
649,-17.12536424942363,1.143756074197585
650,-17.139321439825352,1.148338564491755
651,-17.06124681612395,1.14337571469761
652,-17.261952972328768,1.149124676156503
653,-16.956365939113372,1.1388527674401325
654,-17.20131641519448,1.14849960838632
655,-16.910170449848017,1.138823842060256
656,-17.22195483184997,1.1473818471179993
657,-17.396527145041325,1.1546750042863192
658,-17.103233700762882,1.1435344250371455
659,-17.432828324156496,1.1545880400581865
660,-17.042022178211713,1.1410295707369136
661,-17.10849429969063,1.146955558414053
662,-16.93579124555675,1.1397545388491523
663,-16.89854448222426,1.1363409669649915
664,-16.868671215462342,1.1369669708044388
665,-17.2472879429762,1.1486194693538159
666,-17.188558134250812,1.1484309172872138
667,-16.69403492082373,1.1347054946141826
668,-17.49888249715828,1.1553470948653095
669,-16.831009752036763,1.1381231999085488
670,-16.874050867659523,1.138602214785319
671,-17.10611928438848,1.1455189551850113
672,-17.016143203777805,1.1411161655855313
673,-17.15835001471319,1.1453890391453647
674,-17.16422082819989,1.1476185374462862
675,-17.398834461109967,1.1524359892660585
676,-17.321282506957928,1.1499023825804644
677,-17.362670832128124,1.1533732848289342
678,-16.905136696439683,1.139030070609186
679,-17.092097355309317,1.142103966048871
680,-17.24956722064725,1.1475039573342476
681,-17.390500452562662,1.1513562894968004
682,-17.29240427057129,1.1494071135200088
683,-16.771261118849026,1.1341835319190143
684,-17.330987950086026,1.151291260593818
685,-16.99805734283833,1.139505704497672
686,-16.888714804837978,1.1371516666452637
687,-17.139931107387664,1.1447573610158892
688,-16.71311736697706,1.1342606325429434
689,-17.023162855952428,1.1430551259980357
690,-17.398000121080994,1.1562017470726025
691,-17.278392179955215,1.1494916524060994
692,-17.16392752325143,1.1463190612088419
693,-17.16737687134941,1.1478985370910246
694,-17.20414000771433,1.1482166003868821
695,-17.19758461812723,1.1465318009207837
696,-17.31357895952383,1.153779469202076
697,-16.93619947122489,1.1399619859818302
698,-17.371866194535595,1.1513640828741685
699,-17.06291100790085,1.1452310260390282
700,-17.145289730450678,1.145367087391603
701,-17.02445029176556,1.1416209023052217
702,-17.001747672923536,1.1387271622441806
703,-17.190192261623288,1.1477698813016477
704,-17.228761475849716,1.1454979834686774
705,-17.242031123378403,1.146419903586062
706,-16.946678247550658,1.1400056222512538
707,-17.208908688245156,1.1478994662611102
708,-17.14628503824109,1.147008783925498
709,-17.29161425627798,1.1501944377543374
710,-17.141724418644923,1.1478708033693026
711,-17.0110575655135,1.1404908006116254
712,-17.205336729874585,1.148155362878186
713,-17.042589828659043,1.1431844750266544
714,-17.235755660371513,1.1481639742179581
715,-17.266129260056566,1.1497181377165944
716,-17.244847552082238,1.150328930661929
717,-17.430546503505163,1.1556918682291615
718,-17.280162873304196,1.1479887366148611
719,-17.213908395354586,1.1468351206339857
720,-17.131293112616305,1.1469464346386673
721,-17.231967177727235,1.1493964670244932
722,-17.126298532805272,1.1446433917981529
723,-17.183652326134645,1.1452010908232741
724,-17.217162523395544,1.1500187876422252
725,-17.132038362044916,1.14593653628022
726,-17.144227118693077,1.1460912570097161
727,-17.112157599414733,1.1426760007388301
728,-16.973234718482544,1.1405012433792092
729,-17.28651595957812,1.1483533002794044
730,-17.428940228546846,1.153053196646958
731,-17.086169487427597,1.14508046731378
732,-17.17002688156582,1.1485196762078
733,-17.163049811739135,1.1480623537018484
734,-17.4756786697896,1.1557708593127036
735,-17.28926171742822,1.1509953376140143
736,-17.494083858788464,1.1562200219274223
737,-17.00700741289792,1.142313254056753
738,-17.143135911024867,1.145744169943082
739,-17.03101069264632,1.1408239204462916
740,-16.96417644320912,1.140277131327331
741,-17.030323262895156,1.1424194465196365
742,-17.255583571081154,1.1490789038507525
743,-17.24683046656076,1.147668175902466
744,-17.19706665806969,1.1451937921019386
745,-17.27898616948036,1.14847402148994
746,-17.126415354906715,1.1462811420997303
747,-17.13800381957618,1.1475608017199568
748,-17.21640155871039,1.1488980562758528
749,-17.03310377173959,1.1419440972233408
750,-17.2764976044041,1.150944071143326
751,-17.539621735001134,1.1586417593608516
752,-17.49731612158142,1.1576745825964705
753,-17.084613111816807,1.141208162044854
754,-17.158678346831287,1.1454428115097137
755,-16.692770322860113,1.1306826219093025
756,-17.22361327071348,1.1487696544541253
757,-17.201482057432262,1.1479875893571605
758,-16.988069346922995,1.1423074588717599
759,-17.035132992644268,1.1411156794968633
760,-16.9198769238927,1.1395756977531852
761,-17.110736226374417,1.145937794127142
762,-17.14143967404631,1.1447577947661716
763,-17.155702696088973,1.1450766674794925
764,-16.839446488781707,1.135313104077254
765,-17.140166900165173,1.1449011195997854
766,-17.260245776455026,1.15090899673042
767,-17.325562988633553,1.1531633394521144
768,-17.2159524016201,1.1480445847070686
769,-17.19790414646335,1.148403889763293
770,-17.068532658516414,1.1440630071376687
771,-17.40016325397843,1.1530322367663213
772,-17.03002468668452,1.141343808881141
773,-16.91007315358189,1.1383539119233863
774,-17.264979084550415,1.150220425902305
775,-17.246477158344504,1.1503127901376142
776,-16.825061577937202,1.135499764923568
777,-16.957094060343227,1.1385539048185973
778,-17.26743935558134,1.1480983984952478
779,-17.111898150140757,1.1440256361274261
780,-16.95932288084707,1.1396437395703187
781,-17.118627543587188,1.144054147369248
782,-17.335363103391217,1.1529136143231222
783,-16.640252428413262,1.1319954124833538
784,-17.10306340809381,1.144114862403069
785,-17.280012163031078,1.1525787388234763
786,-16.97144543123118,1.1426952311384766
787,-16.863681505712236,1.13723261071331
788,-16.96686850044113,1.140617064945362
789,-16.97671659520878,1.1396582577537382
790,-17.291444413272657,1.1503510451355192
791,-17.148995658300155,1.1463949026515876
792,-17.278819489451234,1.1510132786653757
793,-17.276365365301093,1.1513327933163058
794,-17.23473442071719,1.1507367239381865
795,-16.759182610402334,1.1342367404381373
796,-17.048471890410223,1.1435685263186803
797,-17.189102040326482,1.149020439473535
798,-17.09190131535637,1.142824767845628
799,-17.167527413444557,1.1486892537260927
800,-17.251615357018558,1.1492037264466122
801,-17.014108168658527,1.1389475435251275
802,-17.46012765501183,1.15802787651998
803,-16.956952131722677,1.1393775003129876
804,-16.995259185559984,1.137883251663683
805,-16.896647457834643,1.1393933709843307
806,-16.78298785248967,1.135384880223569
807,-17.18346933049218,1.146907605812925
808,-17.043456316849028,1.1422722245009942
809,-17.17847682302935,1.1466157417262268
810,-17.226621359552958,1.148205346247706
811,-17.23738812352264,1.149858156665656
812,-17.134664445053684,1.14682810975775
813,-17.289480692498678,1.1494959816748012
814,-17.041472254758897,1.1425327725428047
815,-17.10597920979128,1.1442985027745625
816,-17.302052340005154,1.1512597787582863
817,-17.15989426635918,1.1438813316993364
818,-17.28206136100716,1.1480460754161275
819,-16.915090459719597,1.137834023434399
820,-17.004589355978215,1.1416591100501812
821,-16.475341334286163,1.1217662108925428
822,-17.301315036892298,1.1517357810368818
823,-16.898279070107424,1.1412116975040765
824,-16.92677910757616,1.1385266431143182
825,-16.9743604887228,1.1401145586794004
826,-17.238209396999817,1.1488316407030565
827,-16.9956791188938,1.1419942923273076
828,-16.944488021655744,1.1397915070679343
829,-17.213863615645888,1.1471152251862449
830,-17.470128649134654,1.1571092638010292
831,-17.078226753210913,1.1431089208735932
832,-17.224880030756598,1.1480395757795079
833,-17.234701981886037,1.148169786931475
834,-17.36279417114202,1.1515781256722615
835,-16.998777647497835,1.1410214406043255
836,-17.26935684390744,1.1490305623889232
837,-16.950715749054453,1.139019838758583
838,-17.074100602146704,1.1440060144615452
839,-17.37131499048112,1.1543989892484177
840,-17.301498297434293,1.1495991850454066
841,-17.215198389633493,1.1472510473121236
842,-16.57817413008831,1.1288639794150848
843,-17.01559485916173,1.1436621234202393
844,-17.072261565143478,1.142319403799891
845,-17.342656324995982,1.1548379692878445
846,-17.14272219155679,1.1439546554537394
847,-17.128280945997627,1.1467902529573963
848,-17.396809670029956,1.1531850750015562
849,-17.17734235854523,1.1477193608108456
850,-17.14816182448392,1.1453690639004297
851,-17.316393252282385,1.151551766838158
852,-17.007697132695537,1.1422456110742716
853,-17.327097978491075,1.1497748342390497
854,-17.17719007313582,1.1479166794915643
855,-17.095975915193797,1.1441933338070038
856,-17.03145067677425,1.1403565140515874
857,-17.34781016822764,1.1522960496432872
858,-16.937880649175025,1.137058213306806
859,-17.199372375501138,1.1458314400527734
860,-17.153294790372527,1.1457227248018662
861,-17.33868872826603,1.1504577242097422
862,-17.176041462979473,1.145379505370932
863,-17.25393142747146,1.1522795769370893
864,-17.324414238706193,1.151284810435412
865,-16.9818749688732,1.1386293880562746
866,-17.361826716454573,1.1505314536690583
867,-17.178690426610608,1.146163538214407
868,-17.43571661497617,1.1551583822673777
869,-16.987546787286973,1.136742364074578
870,-17.254483724296378,1.1506894185404635
871,-17.240411120437816,1.148625177840151
872,-17.148505284552083,1.1438786647019268
873,-17.282586666174165,1.1503079497984035
874,-17.18808357575725,1.1478722876415912
875,-17.05693052230601,1.143872680759078
876,-17.187238292524206,1.1469274393146018
877,-17.15229930991594,1.1453690811834676
878,-17.118056899764493,1.145000833656764
879,-17.18219175404937,1.1471595247707917
880,-17.111461905337222,1.1452781010158133
881,-17.128445346206362,1.1435873293601562
882,-17.126147223421967,1.1464083841900552
883,-17.19160572290374,1.1475066417549216
884,-17.06668960296629,1.1453067603953553
885,-17.062365865594145,1.141280428778582
886,-17.025134197998234,1.1416891063796422
887,-17.014305834934195,1.1434090738356566
888,-17.104939512843487,1.1455063523048217
889,-16.986875431421975,1.1434922514656611
890,-17.149919061828125,1.1452949763264006
891,-17.066272017737088,1.1446434303365065
892,-17.102581379279624,1.1420594817840428
893,-17.03249312625879,1.1436043933936249
894,-17.259119662771553,1.1490570265109663
895,-17.035291020677143,1.1425742301192177
896,-17.128383379686994,1.1479027514645581
897,-17.042455082989843,1.1426620459197674
898,-16.998078997115424,1.1418290444324868
899,-17.393889313868435,1.1534913349644065
900,-17.00556158339769,1.138368484136815
901,-17.439605532874157,1.1549491911108816
902,-17.56094413262821,1.1593040650749418
903,-17.141004770392133,1.1456265838144502
904,-17.031816552366735,1.1434304172609642
905,-17.286126380332657,1.1494415282312462
906,-17.224443354444332,1.1467383090934866
907,-17.024239348911514,1.1433152823604602
908,-16.723133279462395,1.1336413576699043
909,-17.2710112173714,1.1517180224827543
910,-17.509949022877457,1.156544552548838
911,-17.202407393445295,1.1490425498442853
912,-16.9622636641149,1.1391578667879139
913,-17.04082428303905,1.1424012069949008
914,-16.847461850480133,1.1356414622707334
915,-17.09558177794667,1.1443362895185105
916,-17.08716594633832,1.144536763195826
917,-17.22242861688963,1.1497014592215353
918,-17.35406400944466,1.152348214551726
919,-17.168193443679417,1.1456311303877382
920,-17.31455503837908,1.1485443080077413
921,-17.31798040443498,1.151148321584753
922,-16.971469489959688,1.140417510906057
923,-17.202748534132724,1.147484187810325
924,-17.014521035182035,1.141918495843503
925,-17.201992570480034,1.1487393854603407
926,-17.37275184000793,1.1559017024752045
927,-16.83929225388673,1.13746650838108
928,-17.193234557142507,1.147007457511149
929,-17.223620990663093,1.1498160149319647
930,-16.959853721339357,1.1397881542385317
931,-17.06006037948458,1.1435235225274754
932,-17.1266623710224,1.1447060407140497
933,-17.14637341152631,1.1490980570628517
934,-17.157729177700325,1.1466472098199172
935,-17.082650316998667,1.1435408482475398
936,-17.01637469570836,1.13999629455007
937,-17.009579881886136,1.142281409304708
938,-17.211013460133376,1.1484464147964342
939,-16.89915621476593,1.1401919890603813
940,-17.272122518643247,1.151824321386621
941,-17.197366942469614,1.1478053460458777
942,-17.273522239356254,1.1473248142902273
943,-17.456965612653043,1.1549898002012753
944,-16.902066183227586,1.1386776543790837
945,-17.196121222870126,1.1465969231752329
946,-16.926496585971165,1.1391171160274027
947,-17.108308059061773,1.1437978053983056
948,-17.403006729390402,1.1547566706081285
949,-17.118623689399925,1.1445511110997186
950,-17.374301675967146,1.1540708343423705
951,-17.03709420000356,1.1403302603767056
952,-16.758756665651067,1.134855465865378
953,-17.191165450690956,1.1464930709502648
954,-17.052982792257712,1.1422395410980128
955,-17.191545525391483,1.1483397364268446
956,-17.200448671946663,1.1473472411772854
957,-16.981521039446328,1.1415368586248802
958,-17.105449579101812,1.1436988585806747
959,-17.066099522529516,1.1440651996882307
960,-17.171833197944025,1.1479029146795428
961,-17.38489487300879,1.1547533793782838
962,-16.987968865925556,1.142127258515146
963,-16.708778347767247,1.1311089321005339
964,-17.264056017520613,1.1499216616563035
965,-17.125294496480606,1.1454733651598186
966,-16.96060758003699,1.1381059654648147
967,-17.16977217152436,1.1492282287481441
968,-17.397040149688277,1.1564585259577005
969,-17.378516742687253,1.1538013356880952
970,-16.996558557570268,1.141192197317604
971,-17.218473681635967,1.1490293053678573
972,-17.03729313364861,1.1421499245931632
973,-16.98476467663059,1.14060545079548
974,-16.968361041729995,1.1405632788032263
975,-17.167741482934936,1.146550449949808
976,-17.177135498001533,1.14444001726032
977,-17.228974473384902,1.1488150571248903
978,-17.150857446410317,1.1453890101678663
979,-17.121602835967227,1.1430753590341203
980,-17.18652964764887,1.1472719018068693
981,-17.13600108323116,1.1425660514779246
982,-16.867648551749273,1.1378771272897166
983,-16.969087432800944,1.1416221772056496
984,-17.07790323327006,1.144695984841531
985,-16.981547630636744,1.1413004808718854
986,-17.124963109155708,1.1476218731570718
987,-17.17516100305289,1.148315200689129
988,-17.13954052378939,1.1445450025198909
989,-17.246046058882946,1.1487134861614023
990,-17.213144946207425,1.1471661880671582
991,-16.996480263818285,1.141233158758565
992,-17.02344192256752,1.1429208641081219
993,-17.129285834068742,1.1457887153081265
994,-17.0855744961416,1.1430878848870734
995,-17.376593536517625,1.152163767619004
996,-17.386159151949585,1.1551385566816006
997,-16.96693773176439,1.1392519336197469
998,-17.469895570830104,1.1563358933033698
999,-17.08133897212291,1.1447922914962592
